gbifID,abstract,accessRights,accrualMethod,accrualPeriodicity,accrualPolicy,alternative,audience,available,bibliographicCitation,conformsTo,contributor,coverage,created,creator,date,dateAccepted,dateCopyrighted,dateSubmitted,description,educationLevel,extent,format,hasFormat,hasPart,hasVersion,identifier,instructionalMethod,isFormatOf,isPartOf,isReferencedBy,isReplacedBy,isRequiredBy,isVersionOf,issued,language,license,mediator,medium,modified,provenance,publisher,references,relation,replaces,requires,rights,rightsHolder,source,spatial,subject,tableOfContents,temporal,title,type,valid,institutionID,collectionID,datasetID,institutionCode,collectionCode,datasetName,ownerInstitutionCode,basisOfRecord,informationWithheld,dataGeneralizations,dynamicProperties,occurrenceID,catalogNumber,recordNumber,recordedBy,individualCount,organismQuantity,organismQuantityType,sex,lifeStage,reproductiveCondition,behavior,establishmentMeans,occurrenceStatus,preparations,disposition,associatedReferences,associatedSequences,associatedTaxa,otherCatalogNumbers,occurrenceRemarks,organismID,organismName,organismScope,associatedOccurrences,associatedOrganisms,previousIdentifications,organismRemarks,materialSampleID,eventID,parentEventID,fieldNumber,eventDate,eventTime,startDayOfYear,endDayOfYear,year,month,day,verbatimEventDate,habitat,samplingProtocol,samplingEffort,sampleSizeValue,sampleSizeUnit,fieldNotes,eventRemarks,locationID,higherGeographyID,higherGeography,continent,waterBody,islandGroup,island,countryCode,stateProvince,county,municipality,locality,verbatimLocality,verbatimElevation,verbatimDepth,minimumDistanceAboveSurfaceInMeters,maximumDistanceAboveSurfaceInMeters,locationAccordingTo,locationRemarks,coordinateUncertaintyInMeters,coordinatePrecision,pointRadiusSpatialFit,verbatimCoordinateSystem,verbatimSRS,footprintWKT,footprintSRS,footprintSpatialFit,georeferencedBy,georeferencedDate,georeferenceProtocol,georeferenceSources,georeferenceVerificationStatus,georeferenceRemarks,geologicalContextID,earliestEonOrLowestEonothem,latestEonOrHighestEonothem,earliestEraOrLowestErathem,latestEraOrHighestErathem,earliestPeriodOrLowestSystem,latestPeriodOrHighestSystem,earliestEpochOrLowestSeries,latestEpochOrHighestSeries,earliestAgeOrLowestStage,latestAgeOrHighestStage,lowestBiostratigraphicZone,highestBiostratigraphicZone,lithostratigraphicTerms,group,formation,member,bed,identificationID,identificationQualifier,typeStatus,identifiedBy,dateIdentified,identificationReferences,identificationVerificationStatus,identificationRemarks,taxonID,scientificNameID,acceptedNameUsageID,parentNameUsageID,originalNameUsageID,nameAccordingToID,namePublishedInID,taxonConceptID,scientificName,acceptedNameUsage,parentNameUsage,originalNameUsage,nameAccordingTo,namePublishedIn,namePublishedInYear,higherClassification,kingdom,phylum,class,order,family,genus,subgenus,specificEpithet,infraspecificEpithet,taxonRank,verbatimTaxonRank,vernacularName,nomenclaturalCode,taxonomicStatus,nomenclaturalStatus,taxonRemarks,datasetKey,publishingCountry,lastInterpreted,elevation,elevationAccuracy,depth,depthAccuracy,distanceAboveSurface,distanceAboveSurfaceAccuracy,issue,mediaType,hasCoordinate,hasGeospatialIssues,taxonKey,acceptedTaxonKey,kingdomKey,phylumKey,classKey,orderKey,familyKey,genusKey,subgenusKey,speciesKey,species,genericName,acceptedScientificName,verbatimScientificName,typifiedName,protocol,lastParsed,lastCrawled,repatriated,relativeOrganismQuantity,recordedByID,identifiedByID,hex_ids
2574225363,NA,NA,NA,NA,NA,NA,NA,NA,NA,NA,NA,NA,NA,NA,NA,NA,NA,NA,NA,NA,NA,NA,NA,NA,NA,34559819,NA,NA,NA,NA,NA,NA,NA,NA,NA,CC_BY_NC_4_0,NA,NA,2020-02-08T13:56:01Z,NA,NA,https://www.inaturalist.org/observations/34559819,NA,NA,NA,© impermanence some rights reserved,impermanence,NA,NA,NA,NA,NA,NA,NA,NA,NA,NA,NA,iNaturalist,Observations,iNaturalist research-grade observations,NA,HUMAN_OBSERVATION,,NA,NA,https://www.inaturalist.org/observations/34559819,34559819,NA,impermanence,NA,NA,NA,NA,NA,NA,NA,NA,NA,NA,NA,NA,NA,NA,NA,,NA,NA,NA,NA,NA,NA,NA,NA,NA,NA,NA,2019-10-18T18:17:34,18:17:34Z,NA,NA,2019,10,18,Fri Oct 18 2019 18:17:34 GMT-0500 (CDT),NA,NA,NA,NA,NA,NA,NA,NA,NA,NA,NA,NA,NA,NA,US,Minnesota,NA,NA,NA,"Smith Park Pond, Bloomington, MN, US",NA,NA,NA,NA,NA,NA,5,NA,NA,NA,NA,NA,NA,NA,NA,NA,NA,NA,NA,NA,NA,NA,NA,NA,NA,NA,NA,NA,NA,NA,NA,NA,NA,NA,NA,NA,NA,NA,74957561,NA,NA,NA,2019-10-18T23:17:42,NA,NA,,47911,NA,NA,NA,NA,NA,NA,NA,Asclepias syriaca L.,NA,NA,NA,NA,NA,NA,NA,Plantae,Tracheophyta,Magnoliopsida,Gentianales,Apocynaceae,Asclepias,NA,syriaca,NA,SPECIES,NA,NA,NA,ACCEPTED,NA,NA,50c9509d-22c7-4a22-a47d-8c48425ef4a7,US,2020-04-29T02:37:18.447Z,NA,NA,NA,NA,NA,NA,COORDINATE_ROUNDED;GEODETIC_DATUM_ASSUMED_WGS84,StillImage,TRUE,FALSE,3170247,3170247,6,7707728,220,412,6701,3170229,NA,3170247,Asclepias syriaca,Asclepias,Asclepias syriaca L.,Asclepias syriaca,NA,DWC_ARCHIVE,2020-04-29T02:37:18.447Z,2020-04-29T01:20:22.928Z,FALSE,NA,,,8896
2451587000,NA,NA,NA,NA,NA,NA,NA,NA,NA,NA,NA,NA,NA,NA,NA,NA,NA,NA,NA,NA,NA,NA,NA,NA,NA,29720904,NA,NA,NA,NA,NA,NA,NA,NA,NA,CC_BY_NC_4_0,NA,NA,2019-11-05T20:17:00Z,NA,NA,https://www.inaturalist.org/observations/29720904,NA,NA,NA,© kimwiese some rights reserved,kimwiese,NA,NA,NA,NA,NA,NA,NA,NA,NA,NA,NA,iNaturalist,Observations,iNaturalist research-grade observations,NA,HUMAN_OBSERVATION,,NA,NA,https://www.inaturalist.org/observations/29720904,29720904,NA,kimwiese,NA,NA,NA,NA,NA,NA,NA,NA,NA,NA,NA,NA,NA,NA,NA,,NA,NA,NA,NA,NA,NA,NA,NA,NA,NA,NA,2019-07-10T20:27:14,20:27:14Z,NA,NA,2019,7,10,Wed Jul 10 2019 20:27:14 GMT-0500 (CDT),NA,NA,NA,NA,NA,NA,NA,NA,NA,NA,NA,NA,NA,NA,US,Minnesota,NA,NA,NA,"2375 Carter Ave, Saint Paul, MN, US",NA,NA,NA,NA,NA,NA,10,NA,NA,NA,NA,NA,NA,NA,NA,NA,NA,NA,NA,NA,NA,NA,NA,NA,NA,NA,NA,NA,NA,NA,NA,NA,NA,NA,NA,NA,NA,NA,64479464,NA,NA,NA,2019-07-28T17:11:13,NA,NA,,47911,NA,NA,NA,NA,NA,NA,NA,Asclepias syriaca L.,NA,NA,NA,NA,NA,NA,NA,Plantae,Tracheophyta,Magnoliopsida,Gentianales,Apocynaceae,Asclepias,NA,syriaca,NA,SPECIES,NA,NA,NA,ACCEPTED,NA,NA,50c9509d-22c7-4a22-a47d-8c48425ef4a7,US,2020-04-29T02:37:18.650Z,NA,NA,NA,NA,NA,NA,COORDINATE_ROUNDED;GEODETIC_DATUM_ASSUMED_WGS84,StillImage,TRUE,FALSE,3170247,3170247,6,7707728,220,412,6701,3170229,NA,3170247,Asclepias syriaca,Asclepias,Asclepias syriaca L.,Asclepias syriaca,NA,DWC_ARCHIVE,2020-04-29T02:37:18.650Z,2020-04-29T01:20:22.928Z,FALSE,NA,,,8896
2429345102,NA,NA,NA,NA,NA,NA,NA,NA,NA,NA,NA,NA,NA,NA,NA,NA,NA,NA,NA,NA,NA,NA,NA,NA,NA,33753698,NA,NA,NA,NA,NA,NA,NA,NA,NA,CC_BY_NC_4_0,NA,NA,2019-10-03T05:48:16Z,NA,NA,https://www.inaturalist.org/observations/33753698,NA,NA,NA,© mollswilson some rights reserved,mollswilson,NA,NA,NA,NA,NA,NA,NA,NA,NA,NA,NA,iNaturalist,Observations,iNaturalist research-grade observations,NA,HUMAN_OBSERVATION,,NA,NA,https://www.inaturalist.org/observations/33753698,33753698,NA,mollswilson,NA,NA,NA,NA,NA,NA,NA,NA,NA,NA,NA,NA,NA,NA,NA,,NA,NA,NA,NA,NA,NA,NA,NA,NA,NA,NA,2019-09-11T14:38:16,14:38:16Z,NA,NA,2019,9,11,2019-09-11 2:38:16 PM CDT,NA,NA,NA,NA,NA,NA,NA,NA,NA,NA,NA,NA,NA,NA,US,Minnesota,NA,NA,NA,"Columbia Heights, MN 55421, USA",NA,NA,NA,NA,NA,NA,5,NA,NA,NA,NA,NA,NA,NA,NA,NA,NA,NA,NA,NA,NA,NA,NA,NA,NA,NA,NA,NA,NA,NA,NA,NA,NA,NA,NA,NA,NA,NA,NA,NA,NA,NA,,NA,NA,,47911,NA,NA,NA,NA,NA,NA,NA,Asclepias syriaca L.,NA,NA,NA,NA,NA,NA,NA,Plantae,Tracheophyta,Magnoliopsida,Gentianales,Apocynaceae,Asclepias,NA,syriaca,NA,SPECIES,NA,NA,NA,ACCEPTED,NA,NA,50c9509d-22c7-4a22-a47d-8c48425ef4a7,US,2020-04-29T02:37:18.226Z,NA,NA,NA,NA,NA,NA,COORDINATE_ROUNDED;GEODETIC_DATUM_ASSUMED_WGS84,StillImage,TRUE,FALSE,3170247,3170247,6,7707728,220,412,6701,3170229,NA,3170247,Asclepias syriaca,Asclepias,Asclepias syriaca L.,Asclepias syriaca,NA,DWC_ARCHIVE,2020-04-29T02:37:18.226Z,2020-04-29T01:20:22.928Z,FALSE,NA,,,8896
2423243134,NA,NA,NA,NA,NA,NA,NA,NA,NA,NA,NA,NA,NA,NA,NA,NA,NA,NA,NA,NA,NA,NA,NA,NA,NA,33413673,NA,NA,NA,NA,NA,NA,NA,NA,NA,CC_BY_NC_4_0,NA,NA,2019-09-26T17:13:26Z,NA,NA,https://www.inaturalist.org/observations/33413673,NA,NA,NA,© tange049 some rights reserved,tange049,NA,NA,NA,NA,NA,NA,NA,NA,NA,NA,NA,iNaturalist,Observations,iNaturalist research-grade observations,NA,HUMAN_OBSERVATION,,NA,NA,https://www.inaturalist.org/observations/33413673,33413673,NA,tange049,NA,NA,NA,NA,NA,NA,NA,NA,NA,NA,NA,NA,NA,NA,NA,,NA,NA,NA,NA,NA,NA,NA,NA,NA,NA,NA,2019-09-21T11:08:39,16:08:39Z,NA,NA,2019,9,21,Sat Sep 21 2019 11:08:39 GMT-0500 (CDT),NA,NA,NA,NA,NA,NA,NA,NA,NA,NA,NA,NA,NA,NA,US,Minnesota,NA,NA,NA,"12th Ave SE, Minneapolis, MN, US",NA,NA,NA,NA,NA,NA,10,NA,NA,NA,NA,NA,NA,NA,NA,NA,NA,NA,NA,NA,NA,NA,NA,NA,NA,NA,NA,NA,NA,NA,NA,NA,NA,NA,NA,NA,NA,NA,72337505,NA,NA,NA,2019-09-26T05:24:52,NA,NA,,47911,NA,NA,NA,NA,NA,NA,NA,Asclepias syriaca L.,NA,NA,NA,NA,NA,NA,NA,Plantae,Tracheophyta,Magnoliopsida,Gentianales,Apocynaceae,Asclepias,NA,syriaca,NA,SPECIES,NA,NA,NA,ACCEPTED,NA,NA,50c9509d-22c7-4a22-a47d-8c48425ef4a7,US,2020-04-29T02:38:02.004Z,NA,NA,NA,NA,NA,NA,COORDINATE_ROUNDED;GEODETIC_DATUM_ASSUMED_WGS84,StillImage,TRUE,FALSE,3170247,3170247,6,7707728,220,412,6701,3170229,NA,3170247,Asclepias syriaca,Asclepias,Asclepias syriaca L.,Asclepias syriaca,NA,DWC_ARCHIVE,2020-04-29T02:38:02.004Z,2020-04-29T01:20:22.928Z,FALSE,NA,,,8896
2423241872,NA,NA,NA,NA,NA,NA,NA,NA,NA,NA,NA,NA,NA,NA,NA,NA,NA,NA,NA,NA,NA,NA,NA,NA,NA,33413692,NA,NA,NA,NA,NA,NA,NA,NA,NA,CC_BY_NC_4_0,NA,NA,2019-09-26T18:54:52Z,NA,NA,https://www.inaturalist.org/observations/33413692,NA,NA,NA,© tange049 some rights reserved,tange049,NA,NA,NA,NA,NA,NA,NA,NA,NA,NA,NA,iNaturalist,Observations,iNaturalist research-grade observations,NA,HUMAN_OBSERVATION,,NA,NA,https://www.inaturalist.org/observations/33413692,33413692,NA,tange049,NA,NA,NA,NA,NA,NA,NA,NA,NA,NA,NA,NA,NA,NA,NA,,NA,NA,NA,NA,NA,NA,NA,NA,NA,NA,NA,2019-09-21T11:08:56,16:08:56Z,NA,NA,2019,9,21,Sat Sep 21 2019 11:08:56 GMT-0500 (CDT),NA,NA,NA,NA,NA,NA,NA,NA,NA,NA,NA,NA,NA,NA,US,Minnesota,NA,NA,NA,"12th Ave SE, Minneapolis, MN, US",NA,NA,NA,NA,NA,NA,10,NA,NA,NA,NA,NA,NA,NA,NA,NA,NA,NA,NA,NA,NA,NA,NA,NA,NA,NA,NA,NA,NA,NA,NA,NA,NA,NA,NA,NA,NA,NA,72401949,NA,NA,NA,2019-09-26T18:54:52,NA,NA,,47911,NA,NA,NA,NA,NA,NA,NA,Asclepias syriaca L.,NA,NA,NA,NA,NA,NA,NA,Plantae,Tracheophyta,Magnoliopsida,Gentianales,Apocynaceae,Asclepias,NA,syriaca,NA,SPECIES,NA,NA,NA,ACCEPTED,NA,NA,50c9509d-22c7-4a22-a47d-8c48425ef4a7,US,2020-04-29T02:37:59.201Z,NA,NA,NA,NA,NA,NA,COORDINATE_ROUNDED;GEODETIC_DATUM_ASSUMED_WGS84,StillImage,TRUE,FALSE,3170247,3170247,6,7707728,220,412,6701,3170229,NA,3170247,Asclepias syriaca,Asclepias,Asclepias syriaca L.,Asclepias syriaca,NA,DWC_ARCHIVE,2020-04-29T02:37:59.201Z,2020-04-29T01:20:22.928Z,FALSE,NA,,,8896
2423118935,NA,NA,NA,NA,NA,NA,NA,NA,NA,NA,NA,NA,NA,NA,NA,NA,NA,NA,NA,NA,NA,NA,NA,NA,NA,32908555,NA,NA,NA,NA,NA,NA,NA,NA,NA,CC_BY_NC_4_0,NA,NA,2019-09-18T05:14:04Z,NA,NA,https://www.inaturalist.org/observations/32908555,NA,NA,NA,© ap90 some rights reserved,ap90,NA,NA,NA,NA,NA,NA,NA,NA,NA,NA,NA,iNaturalist,Observations,iNaturalist research-grade observations,NA,HUMAN_OBSERVATION,,NA,NA,https://www.inaturalist.org/observations/32908555,32908555,NA,ap90,NA,NA,NA,NA,NA,NA,NA,NA,NA,NA,NA,NA,NA,NA,NA,,NA,NA,NA,NA,NA,NA,NA,NA,NA,NA,NA,2019-09-17T14:19:21,19:19:21Z,NA,NA,2019,9,17,Tue Sep 17 2019 14:19:21 GMT-0500 (CDT),NA,NA,NA,NA,NA,NA,NA,NA,NA,NA,NA,NA,NA,NA,US,Minnesota,NA,NA,NA,"University of Minnesota - St. Paul Campus, Falcon Heights, MN, US",NA,NA,NA,NA,NA,NA,30,NA,NA,NA,NA,NA,NA,NA,NA,NA,NA,NA,NA,NA,NA,NA,NA,NA,NA,NA,NA,NA,NA,NA,NA,NA,NA,NA,NA,NA,NA,NA,71275825,NA,NA,NA,2019-09-17T19:33:13,NA,NA,,47911,NA,NA,NA,NA,NA,NA,NA,Asclepias syriaca L.,NA,NA,NA,NA,NA,NA,NA,Plantae,Tracheophyta,Magnoliopsida,Gentianales,Apocynaceae,Asclepias,NA,syriaca,NA,SPECIES,NA,NA,NA,ACCEPTED,NA,NA,50c9509d-22c7-4a22-a47d-8c48425ef4a7,US,2020-04-29T02:37:18.286Z,NA,NA,NA,NA,NA,NA,COORDINATE_ROUNDED;GEODETIC_DATUM_ASSUMED_WGS84,StillImage,TRUE,FALSE,3170247,3170247,6,7707728,220,412,6701,3170229,NA,3170247,Asclepias syriaca,Asclepias,Asclepias syriaca L.,Asclepias syriaca,NA,DWC_ARCHIVE,2020-04-29T02:37:18.286Z,2020-04-29T01:20:22.928Z,FALSE,NA,,,8896
2423024048,NA,NA,NA,NA,NA,NA,NA,NA,NA,NA,NA,NA,NA,NA,NA,NA,NA,NA,NA,NA,NA,NA,NA,NA,NA,32545235,NA,NA,NA,NA,NA,NA,NA,NA,NA,CC_BY_NC_4_0,NA,NA,2019-09-21T22:30:35Z,NA,NA,https://www.inaturalist.org/observations/32545235,NA,NA,NA,© nina612 some rights reserved,nina612,NA,NA,NA,NA,NA,NA,NA,NA,NA,NA,NA,iNaturalist,Observations,iNaturalist research-grade observations,NA,HUMAN_OBSERVATION,,NA,NA,https://www.inaturalist.org/observations/32545235,32545235,NA,nina612,NA,NA,NA,NA,NA,NA,NA,NA,NA,NA,NA,NA,NA,NA,NA,,NA,NA,NA,NA,NA,NA,NA,NA,NA,NA,NA,2019-09-11T14:36:28,14:36:28Z,NA,NA,2019,9,11,Wed Sep 11 2019 14:36:28 GMT-0500 (CDT),NA,NA,NA,NA,NA,NA,NA,NA,NA,NA,NA,NA,NA,NA,US,Minnesota,NA,NA,NA,"Columbia Heights High School, Columbia Heights, MN, US",NA,NA,NA,NA,NA,NA,48,NA,NA,NA,NA,NA,NA,NA,NA,NA,NA,NA,NA,NA,NA,NA,NA,NA,NA,NA,NA,NA,NA,NA,NA,NA,NA,NA,NA,NA,NA,NA,70516173,NA,NA,NA,2019-09-11T19:37:49,NA,NA,,47911,NA,NA,NA,NA,NA,NA,NA,Asclepias syriaca L.,NA,NA,NA,NA,NA,NA,NA,Plantae,Tracheophyta,Magnoliopsida,Gentianales,Apocynaceae,Asclepias,NA,syriaca,NA,SPECIES,NA,NA,NA,ACCEPTED,NA,NA,50c9509d-22c7-4a22-a47d-8c48425ef4a7,US,2020-04-29T02:37:21.281Z,NA,NA,NA,NA,NA,NA,COORDINATE_ROUNDED;GEODETIC_DATUM_ASSUMED_WGS84,StillImage,TRUE,FALSE,3170247,3170247,6,7707728,220,412,6701,3170229,NA,3170247,Asclepias syriaca,Asclepias,Asclepias syriaca L.,Asclepias syriaca,NA,DWC_ARCHIVE,2020-04-29T02:37:21.281Z,2020-04-29T01:20:22.928Z,FALSE,NA,,,8896
2311422193,NA,NA,NA,NA,NA,NA,NA,NA,NA,NA,NA,NA,NA,NA,NA,NA,NA,NA,NA,NA,NA,NA,NA,NA,NA,29983816,NA,NA,NA,NA,NA,NA,NA,NA,NA,CC_BY_NC_4_0,NA,NA,2019-08-01T16:01:47Z,NA,NA,https://www.inaturalist.org/observations/29983816,NA,NA,NA,© artfemme some rights reserved,artfemme,NA,NA,NA,NA,NA,NA,NA,NA,NA,NA,NA,iNaturalist,Observations,iNaturalist research-grade observations,NA,HUMAN_OBSERVATION,,NA,NA,https://www.inaturalist.org/observations/29983816,29983816,NA,artfemme,NA,NA,NA,NA,NA,NA,NA,NA,NA,NA,NA,NA,NA,NA,NA,,NA,NA,NA,NA,NA,NA,NA,NA,NA,NA,NA,2019-08-01T10:38:25,10:38:25Z,NA,NA,2019,8,1,Thu Aug 01 2019 10:38:25 GMT-0500 (CDT),NA,NA,NA,NA,NA,NA,NA,NA,NA,NA,NA,NA,NA,NA,US,Minnesota,NA,NA,NA,"3424 Lee Ave N, Crystal, MN, US",NA,NA,NA,NA,NA,NA,5,NA,NA,NA,NA,NA,NA,NA,NA,NA,NA,NA,NA,NA,NA,NA,NA,NA,NA,NA,NA,NA,NA,NA,NA,NA,NA,NA,NA,NA,NA,NA,65058426,NA,NA,NA,2019-08-01T15:38:57,NA,NA,,47911,NA,NA,NA,NA,NA,NA,NA,Asclepias syriaca L.,NA,NA,NA,NA,NA,NA,NA,Plantae,Tracheophyta,Magnoliopsida,Gentianales,Apocynaceae,Asclepias,NA,syriaca,NA,SPECIES,NA,NA,NA,ACCEPTED,NA,NA,50c9509d-22c7-4a22-a47d-8c48425ef4a7,US,2020-04-29T02:37:25.082Z,NA,NA,NA,NA,NA,NA,COORDINATE_ROUNDED;GEODETIC_DATUM_ASSUMED_WGS84,StillImage,TRUE,FALSE,3170247,3170247,6,7707728,220,412,6701,3170229,NA,3170247,Asclepias syriaca,Asclepias,Asclepias syriaca L.,Asclepias syriaca,NA,DWC_ARCHIVE,2020-04-29T02:37:25.082Z,2020-04-29T01:20:22.928Z,FALSE,NA,,,8896
2311391175,NA,NA,NA,NA,NA,NA,NA,NA,NA,NA,NA,NA,NA,NA,NA,NA,NA,NA,NA,NA,NA,NA,NA,NA,NA,29852563,NA,NA,NA,NA,NA,NA,NA,NA,NA,CC_BY_NC_4_0,NA,NA,2019-08-15T20:24:05Z,NA,NA,https://www.inaturalist.org/observations/29852563,NA,NA,NA,© Wesley Braker some rights reserved,Wesley Braker,NA,NA,NA,NA,NA,NA,NA,NA,NA,NA,NA,iNaturalist,Observations,iNaturalist research-grade observations,NA,HUMAN_OBSERVATION,,NA,NA,https://www.inaturalist.org/observations/29852563,29852563,NA,Wesley Braker,NA,NA,NA,NA,NA,NA,NA,NA,NA,NA,NA,NA,NA,NA,NA,,NA,NA,NA,NA,NA,NA,NA,NA,NA,NA,NA,2019-07-30T08:31:00,13:31:00Z,NA,NA,2019,7,30,2019-07-30 8:31:00 AM CDT,NA,NA,NA,NA,NA,NA,NA,NA,NA,NA,NA,NA,NA,NA,US,Minnesota,NA,NA,NA,"Highland, St Paul, MN, USA",NA,NA,NA,NA,NA,NA,NA,NA,NA,NA,NA,NA,NA,NA,NA,NA,NA,NA,NA,NA,NA,NA,NA,NA,NA,NA,NA,NA,NA,NA,NA,NA,NA,NA,NA,NA,NA,NA,64759196,NA,NA,NA,2019-07-30T14:30:44,NA,NA,,47911,NA,NA,NA,NA,NA,NA,NA,Asclepias syriaca L.,NA,NA,NA,NA,NA,NA,NA,Plantae,Tracheophyta,Magnoliopsida,Gentianales,Apocynaceae,Asclepias,NA,syriaca,NA,SPECIES,NA,NA,NA,ACCEPTED,NA,NA,50c9509d-22c7-4a22-a47d-8c48425ef4a7,US,2020-04-29T02:37:18.586Z,NA,NA,NA,NA,NA,NA,COORDINATE_ROUNDED;GEODETIC_DATUM_ASSUMED_WGS84,StillImage,TRUE,FALSE,3170247,3170247,6,7707728,220,412,6701,3170229,NA,3170247,Asclepias syriaca,Asclepias,Asclepias syriaca L.,Asclepias syriaca,NA,DWC_ARCHIVE,2020-04-29T02:37:18.586Z,2020-04-29T01:20:22.928Z,FALSE,NA,,,8896
2294638992,NA,NA,NA,NA,NA,NA,NA,NA,NA,NA,NA,NA,NA,NA,NA,NA,NA,NA,NA,NA,NA,NA,NA,NA,NA,29356451,NA,NA,NA,NA,NA,NA,NA,NA,NA,CC_BY_NC_4_0,NA,NA,2019-07-23T02:14:29Z,NA,NA,https://www.inaturalist.org/observations/29356451,NA,NA,NA,© Corey Lange some rights reserved,Corey Lange,NA,NA,NA,NA,NA,NA,NA,NA,NA,NA,NA,iNaturalist,Observations,iNaturalist research-grade observations,NA,HUMAN_OBSERVATION,,NA,NA,https://www.inaturalist.org/observations/29356451,29356451,NA,Corey Lange,NA,NA,NA,NA,NA,NA,NA,NA,NA,NA,NA,NA,NA,NA,NA,,NA,NA,NA,NA,NA,NA,NA,NA,NA,NA,NA,2019-07-18T11:14:39,18:14:39Z,NA,NA,2019,7,18,Thu Jul 18 2019 11:14:39 GMT-0700 (PDT),NA,NA,NA,NA,NA,NA,NA,NA,NA,NA,NA,NA,NA,NA,US,Minnesota,NA,NA,NA,"Wood Lake Nature Center, Richfield, MN, US",NA,NA,NA,NA,NA,NA,7,NA,NA,NA,NA,NA,NA,NA,NA,NA,NA,NA,NA,NA,NA,NA,NA,NA,NA,NA,NA,NA,NA,NA,NA,NA,NA,NA,NA,NA,NA,NA,63734798,NA,NA,NA,2019-07-23T02:06:57,NA,NA,,47911,NA,NA,NA,NA,NA,NA,NA,Asclepias syriaca L.,NA,NA,NA,NA,NA,NA,NA,Plantae,Tracheophyta,Magnoliopsida,Gentianales,Apocynaceae,Asclepias,NA,syriaca,NA,SPECIES,NA,NA,NA,ACCEPTED,NA,NA,50c9509d-22c7-4a22-a47d-8c48425ef4a7,US,2020-04-29T02:37:24.843Z,NA,NA,NA,NA,NA,NA,COORDINATE_ROUNDED;GEODETIC_DATUM_ASSUMED_WGS84,StillImage,TRUE,FALSE,3170247,3170247,6,7707728,220,412,6701,3170229,NA,3170247,Asclepias syriaca,Asclepias,Asclepias syriaca L.,Asclepias syriaca,NA,DWC_ARCHIVE,2020-04-29T02:37:24.843Z,2020-04-29T01:20:22.928Z,FALSE,NA,,,8896
2294481981,NA,NA,NA,NA,NA,NA,NA,NA,NA,NA,NA,NA,NA,NA,NA,NA,NA,NA,NA,NA,NA,NA,NA,NA,NA,28766165,NA,NA,NA,NA,NA,NA,NA,NA,NA,CC_BY_NC_4_0,NA,NA,2019-07-14T02:10:07Z,NA,NA,https://www.inaturalist.org/observations/28766165,NA,NA,NA,© hessejmb some rights reserved,hessejmb,NA,NA,NA,NA,NA,NA,NA,NA,NA,NA,NA,iNaturalist,Observations,iNaturalist research-grade observations,NA,HUMAN_OBSERVATION,,NA,NA,https://www.inaturalist.org/observations/28766165,28766165,NA,hessejmb,NA,NA,NA,NA,NA,NA,NA,NA,NA,NA,NA,NA,NA,NA,NA,,NA,NA,NA,NA,NA,NA,NA,NA,NA,NA,NA,2019-07-13T16:57:44,16:57:44Z,NA,NA,2019,7,13,Sat Jul 13 2019 16:57:44 GMT-0500 (CDT),NA,NA,NA,NA,NA,NA,NA,NA,NA,NA,NA,NA,NA,NA,US,Minnesota,NA,NA,NA,"Olympic Hills Golf Club, Eden Prairie, MN, US",NA,NA,NA,NA,NA,NA,10,NA,NA,NA,NA,NA,NA,NA,NA,NA,NA,NA,NA,NA,NA,NA,NA,NA,NA,NA,NA,NA,NA,NA,NA,NA,NA,NA,NA,NA,NA,NA,62531211,NA,NA,NA,2019-07-14T00:13:40,NA,NA,,47911,NA,NA,NA,NA,NA,NA,NA,Asclepias syriaca L.,NA,NA,NA,NA,NA,NA,NA,Plantae,Tracheophyta,Magnoliopsida,Gentianales,Apocynaceae,Asclepias,NA,syriaca,NA,SPECIES,NA,NA,NA,ACCEPTED,NA,NA,50c9509d-22c7-4a22-a47d-8c48425ef4a7,US,2020-04-29T02:38:31.540Z,NA,NA,NA,NA,NA,NA,COORDINATE_ROUNDED;GEODETIC_DATUM_ASSUMED_WGS84,StillImage,TRUE,FALSE,3170247,3170247,6,7707728,220,412,6701,3170229,NA,3170247,Asclepias syriaca,Asclepias,Asclepias syriaca L.,Asclepias syriaca,NA,DWC_ARCHIVE,2020-04-29T02:38:31.540Z,2020-04-29T01:20:22.928Z,FALSE,NA,,,8896
2294461422,NA,NA,NA,NA,NA,NA,NA,NA,NA,NA,NA,NA,NA,NA,NA,NA,NA,NA,NA,NA,NA,NA,NA,NA,NA,28690241,NA,NA,NA,NA,NA,NA,NA,NA,NA,CC_BY_NC_4_0,NA,NA,2019-07-12T20:31:55Z,NA,NA,https://www.inaturalist.org/observations/28690241,NA,NA,NA,© mplsmel some rights reserved,mplsmel,NA,NA,NA,NA,NA,NA,NA,NA,NA,NA,NA,iNaturalist,Observations,iNaturalist research-grade observations,NA,HUMAN_OBSERVATION,,NA,NA,https://www.inaturalist.org/observations/28690241,28690241,NA,mplsmel,NA,NA,NA,NA,NA,NA,NA,NA,NA,NA,NA,NA,NA,NA,NA,,NA,NA,NA,NA,NA,NA,NA,NA,NA,NA,NA,2019-07-12T12:32:04,12:32:04Z,NA,NA,2019,7,12,2019-07-12 12:32:04 PM CDT,NA,NA,NA,NA,NA,NA,NA,NA,NA,NA,NA,NA,NA,NA,US,Minnesota,NA,NA,NA,"Minneapolis, MN 55423, USA",NA,NA,NA,NA,NA,NA,263,NA,NA,NA,NA,NA,NA,NA,NA,NA,NA,NA,NA,NA,NA,NA,NA,NA,NA,NA,NA,NA,NA,NA,NA,NA,NA,NA,NA,NA,NA,NA,62385991,NA,NA,NA,2019-07-12T19:57:05,NA,NA,,47911,NA,NA,NA,NA,NA,NA,NA,Asclepias syriaca L.,NA,NA,NA,NA,NA,NA,NA,Plantae,Tracheophyta,Magnoliopsida,Gentianales,Apocynaceae,Asclepias,NA,syriaca,NA,SPECIES,NA,NA,NA,ACCEPTED,NA,NA,50c9509d-22c7-4a22-a47d-8c48425ef4a7,US,2020-04-29T02:38:06.088Z,NA,NA,NA,NA,NA,NA,COORDINATE_ROUNDED;GEODETIC_DATUM_ASSUMED_WGS84,StillImage,TRUE,FALSE,3170247,3170247,6,7707728,220,412,6701,3170229,NA,3170247,Asclepias syriaca,Asclepias,Asclepias syriaca L.,Asclepias syriaca,NA,DWC_ARCHIVE,2020-04-29T02:38:06.088Z,2020-04-29T01:20:22.928Z,FALSE,NA,,,8896
2294456258,NA,NA,NA,NA,NA,NA,NA,NA,NA,NA,NA,NA,NA,NA,NA,NA,NA,NA,NA,NA,NA,NA,NA,NA,NA,28672959,NA,NA,NA,NA,NA,NA,NA,NA,NA,CC_BY_NC_4_0,NA,NA,2019-07-12T15:39:19Z,NA,NA,https://www.inaturalist.org/observations/28672959,NA,NA,NA,© westwood some rights reserved,westwood,NA,NA,NA,NA,NA,NA,NA,NA,NA,NA,NA,iNaturalist,Observations,iNaturalist research-grade observations,NA,HUMAN_OBSERVATION,,NA,NA,https://www.inaturalist.org/observations/28672959,28672959,NA,westwood,NA,NA,NA,NA,NA,NA,NA,NA,NA,NA,NA,NA,NA,NA,NA,Found in scattered patches throughout the nature center,NA,NA,NA,NA,NA,NA,NA,NA,NA,NA,NA,2019-07-11T09:55:00,14:55:00Z,NA,NA,2019,7,11,2019/07/11 9:55 AM CDT,NA,NA,NA,NA,NA,NA,NA,NA,NA,NA,NA,NA,NA,NA,US,Minnesota,NA,NA,NA,"Westwood Hills, St Louis Park, MN 55426, USA",NA,NA,NA,NA,NA,NA,31,NA,NA,NA,NA,NA,NA,NA,NA,NA,NA,NA,NA,NA,NA,NA,NA,NA,NA,NA,NA,NA,NA,NA,NA,NA,NA,NA,NA,NA,NA,NA,62353113,NA,NA,NA,2019-07-12T14:58:54,NA,NA,,47911,NA,NA,NA,NA,NA,NA,NA,Asclepias syriaca L.,NA,NA,NA,NA,NA,NA,NA,Plantae,Tracheophyta,Magnoliopsida,Gentianales,Apocynaceae,Asclepias,NA,syriaca,NA,SPECIES,NA,NA,NA,ACCEPTED,NA,NA,50c9509d-22c7-4a22-a47d-8c48425ef4a7,US,2020-04-29T02:37:20.286Z,NA,NA,NA,NA,NA,NA,COORDINATE_ROUNDED;GEODETIC_DATUM_ASSUMED_WGS84,StillImage,TRUE,FALSE,3170247,3170247,6,7707728,220,412,6701,3170229,NA,3170247,Asclepias syriaca,Asclepias,Asclepias syriaca L.,Asclepias syriaca,NA,DWC_ARCHIVE,2020-04-29T02:37:20.286Z,2020-04-29T01:20:22.928Z,FALSE,NA,,,8896
2283247550,NA,NA,NA,NA,NA,NA,NA,NA,NA,NA,NA,NA,NA,NA,NA,NA,NA,NA,NA,NA,NA,NA,NA,NA,NA,28510387,NA,NA,NA,NA,NA,NA,NA,NA,NA,CC_BY_NC_4_0,NA,NA,2019-07-10T02:45:03Z,NA,NA,https://www.inaturalist.org/observations/28510387,NA,NA,NA,© charliemiller84 some rights reserved,charliemiller84,NA,NA,NA,NA,NA,NA,NA,NA,NA,NA,NA,iNaturalist,Observations,iNaturalist research-grade observations,NA,HUMAN_OBSERVATION,,NA,NA,https://www.inaturalist.org/observations/28510387,28510387,NA,charliemiller84,NA,NA,NA,NA,NA,NA,NA,NA,NA,NA,NA,NA,NA,NA,NA,,NA,NA,NA,NA,NA,NA,NA,NA,NA,NA,NA,2019-07-09T13:12:41,13:12:41Z,NA,NA,2019,7,9,Tue Jul 09 2019 13:12:41 GMT-0500 (CDT),NA,NA,NA,NA,NA,NA,NA,NA,NA,NA,NA,NA,NA,NA,US,Minnesota,NA,NA,NA,"15720 6th Ave N, Plymouth, MN, US",NA,NA,NA,NA,NA,NA,7,NA,NA,NA,NA,NA,NA,NA,NA,NA,NA,NA,NA,NA,NA,NA,NA,NA,NA,NA,NA,NA,NA,NA,NA,NA,NA,NA,NA,NA,NA,NA,62008041,NA,NA,NA,2019-07-09T18:13:04,NA,NA,,47911,NA,NA,NA,NA,NA,NA,NA,Asclepias syriaca L.,NA,NA,NA,NA,NA,NA,NA,Plantae,Tracheophyta,Magnoliopsida,Gentianales,Apocynaceae,Asclepias,NA,syriaca,NA,SPECIES,NA,NA,NA,ACCEPTED,NA,NA,50c9509d-22c7-4a22-a47d-8c48425ef4a7,US,2020-04-29T02:37:54.623Z,NA,NA,NA,NA,NA,NA,COORDINATE_ROUNDED;GEODETIC_DATUM_ASSUMED_WGS84,StillImage,TRUE,FALSE,3170247,3170247,6,7707728,220,412,6701,3170229,NA,3170247,Asclepias syriaca,Asclepias,Asclepias syriaca L.,Asclepias syriaca,NA,DWC_ARCHIVE,2020-04-29T02:37:54.623Z,2020-04-29T01:20:22.928Z,FALSE,NA,,,8896
2283244465,NA,NA,NA,NA,NA,NA,NA,NA,NA,NA,NA,NA,NA,NA,NA,NA,NA,NA,NA,NA,NA,NA,NA,NA,NA,28505434,NA,NA,NA,NA,NA,NA,NA,NA,NA,CC_BY_NC_4_0,NA,NA,2019-07-09T16:58:28Z,NA,NA,https://www.inaturalist.org/observations/28505434,NA,NA,NA,© cecewatkins some rights reserved,cecewatkins,NA,NA,NA,NA,NA,NA,NA,NA,NA,NA,NA,iNaturalist,Observations,iNaturalist research-grade observations,NA,HUMAN_OBSERVATION,,NA,NA,https://www.inaturalist.org/observations/28505434,28505434,NA,cecewatkins,NA,NA,NA,NA,NA,NA,NA,NA,NA,NA,NA,NA,NA,NA,NA,,NA,NA,NA,NA,NA,NA,NA,NA,NA,NA,NA,2019-07-09T11:51:33,16:51:33Z,NA,NA,2019,7,9,2019-07-09 11:51:33 AM CDT,NA,NA,NA,NA,NA,NA,NA,NA,NA,NA,NA,NA,NA,NA,US,Minnesota,NA,NA,NA,"Columbia Heights, MN 55421, USA",NA,NA,NA,NA,NA,NA,5,NA,NA,NA,NA,NA,NA,NA,NA,NA,NA,NA,NA,NA,NA,NA,NA,NA,NA,NA,NA,NA,NA,NA,NA,NA,NA,NA,NA,NA,NA,NA,61998699,NA,NA,NA,2019-07-09T16:52:26,NA,NA,,47911,NA,NA,NA,NA,NA,NA,NA,Asclepias syriaca L.,NA,NA,NA,NA,NA,NA,NA,Plantae,Tracheophyta,Magnoliopsida,Gentianales,Apocynaceae,Asclepias,NA,syriaca,NA,SPECIES,NA,NA,NA,ACCEPTED,NA,NA,50c9509d-22c7-4a22-a47d-8c48425ef4a7,US,2020-04-29T02:38:37.793Z,NA,NA,NA,NA,NA,NA,COORDINATE_ROUNDED;GEODETIC_DATUM_ASSUMED_WGS84,StillImage,TRUE,FALSE,3170247,3170247,6,7707728,220,412,6701,3170229,NA,3170247,Asclepias syriaca,Asclepias,Asclepias syriaca L.,Asclepias syriaca,NA,DWC_ARCHIVE,2020-04-29T02:38:37.793Z,2020-04-29T01:20:22.928Z,FALSE,NA,,,8896
2283229762,NA,NA,NA,NA,NA,NA,NA,NA,NA,NA,NA,NA,NA,NA,NA,NA,NA,NA,NA,NA,NA,NA,NA,NA,NA,28457071,NA,NA,NA,NA,NA,NA,NA,NA,NA,CC_BY_NC_4_0,NA,NA,2019-07-09T13:57:30Z,NA,NA,https://www.inaturalist.org/observations/28457071,NA,NA,NA,© heyina some rights reserved,heyina,NA,NA,NA,NA,NA,NA,NA,NA,NA,NA,NA,iNaturalist,Observations,iNaturalist research-grade observations,NA,HUMAN_OBSERVATION,,NA,NA,https://www.inaturalist.org/observations/28457071,28457071,NA,heyina,NA,NA,NA,NA,NA,NA,NA,NA,NA,NA,NA,NA,NA,NA,NA,,NA,NA,NA,NA,NA,NA,NA,NA,NA,NA,NA,2019-07-08T15:43:14,20:43:14Z,NA,NA,2019,7,8,Mon Jul 08 2019 15:43:14 GMT-0500 (CDT),NA,NA,NA,NA,NA,NA,NA,NA,NA,NA,NA,NA,NA,NA,US,Minnesota,NA,NA,NA,"4730 38th Ave S, Minneapolis, MN, US",NA,NA,NA,NA,NA,NA,5,NA,NA,NA,NA,NA,NA,NA,NA,NA,NA,NA,NA,NA,NA,NA,NA,NA,NA,NA,NA,NA,NA,NA,NA,NA,NA,NA,NA,NA,NA,NA,61894069,NA,NA,NA,2019-07-08T20:45:35,NA,NA,,47911,NA,NA,NA,NA,NA,NA,NA,Asclepias syriaca L.,NA,NA,NA,NA,NA,NA,NA,Plantae,Tracheophyta,Magnoliopsida,Gentianales,Apocynaceae,Asclepias,NA,syriaca,NA,SPECIES,NA,NA,NA,ACCEPTED,NA,NA,50c9509d-22c7-4a22-a47d-8c48425ef4a7,US,2020-04-29T02:37:54.558Z,NA,NA,NA,NA,NA,NA,COORDINATE_ROUNDED;GEODETIC_DATUM_ASSUMED_WGS84,StillImage,TRUE,FALSE,3170247,3170247,6,7707728,220,412,6701,3170229,NA,3170247,Asclepias syriaca,Asclepias,Asclepias syriaca L.,Asclepias syriaca,NA,DWC_ARCHIVE,2020-04-29T02:37:54.558Z,2020-04-29T01:20:22.928Z,FALSE,NA,,,8896
2283175502,NA,NA,NA,NA,NA,NA,NA,NA,NA,NA,NA,NA,NA,NA,NA,NA,NA,NA,NA,NA,NA,NA,NA,NA,NA,28255145,NA,NA,NA,NA,NA,NA,NA,NA,NA,CC_BY_NC_4_0,NA,NA,2019-07-06T14:27:41Z,NA,NA,https://www.inaturalist.org/observations/28255145,NA,NA,NA,© rpelde some rights reserved,rpelde,NA,NA,NA,NA,NA,NA,NA,NA,NA,NA,NA,iNaturalist,Observations,iNaturalist research-grade observations,NA,HUMAN_OBSERVATION,,NA,NA,https://www.inaturalist.org/observations/28255145,28255145,NA,rpelde,NA,NA,NA,NA,NA,NA,NA,NA,NA,NA,NA,NA,NA,NA,NA,,NA,NA,NA,NA,NA,NA,NA,NA,NA,NA,NA,2019-07-05T16:47:07,16:47:07Z,NA,NA,2019,7,5,Fri Jul 05 2019 16:47:07 GMT-0500 (CDT),NA,NA,NA,NA,NA,NA,NA,NA,NA,NA,NA,NA,NA,NA,US,Minnesota,NA,NA,NA,"5225 Blake Rd S, Edina, MN, US",NA,NA,NA,NA,NA,NA,5,NA,NA,NA,NA,NA,NA,NA,NA,NA,NA,NA,NA,NA,NA,NA,NA,NA,NA,NA,NA,NA,NA,NA,NA,NA,NA,NA,NA,NA,NA,NA,61576609,NA,NA,NA,2019-07-06T14:27:41,NA,NA,,47911,NA,NA,NA,NA,NA,NA,NA,Asclepias syriaca L.,NA,NA,NA,NA,NA,NA,NA,Plantae,Tracheophyta,Magnoliopsida,Gentianales,Apocynaceae,Asclepias,NA,syriaca,NA,SPECIES,NA,NA,NA,ACCEPTED,NA,NA,50c9509d-22c7-4a22-a47d-8c48425ef4a7,US,2020-04-29T02:37:21.204Z,NA,NA,NA,NA,NA,NA,COORDINATE_ROUNDED;GEODETIC_DATUM_ASSUMED_WGS84,StillImage,TRUE,FALSE,3170247,3170247,6,7707728,220,412,6701,3170229,NA,3170247,Asclepias syriaca,Asclepias,Asclepias syriaca L.,Asclepias syriaca,NA,DWC_ARCHIVE,2020-04-29T02:37:21.204Z,2020-04-29T01:20:22.928Z,FALSE,NA,,,8896
2283147036,NA,NA,NA,NA,NA,NA,NA,NA,NA,NA,NA,NA,NA,NA,NA,NA,NA,NA,NA,NA,NA,NA,NA,NA,NA,28146160,NA,NA,NA,NA,NA,NA,NA,NA,NA,CC_BY_NC_4_0,NA,NA,2019-07-06T05:45:38Z,NA,NA,https://www.inaturalist.org/observations/28146160,NA,NA,NA,© Natalie Griffith some rights reserved,Natalie Griffith,NA,NA,NA,NA,NA,NA,NA,NA,NA,NA,NA,iNaturalist,Observations,iNaturalist research-grade observations,NA,HUMAN_OBSERVATION,,NA,NA,https://www.inaturalist.org/observations/28146160,28146160,NA,Natalie Griffith,NA,NA,NA,NA,NA,NA,NA,NA,NA,NA,NA,NA,NA,NA,NA,,NA,NA,NA,NA,NA,NA,NA,NA,NA,NA,NA,2019-07-03T18:46:30,23:46:30Z,NA,NA,2019,7,3,Wed Jul 03 2019 18:46:30 GMT-0500 (CDT),NA,NA,NA,NA,NA,NA,NA,NA,NA,NA,NA,NA,NA,NA,US,Minnesota,NA,NA,NA,"4520 42nd Ave S, Minneapolis, MN, US",NA,NA,NA,NA,NA,NA,853,NA,NA,NA,NA,NA,NA,NA,NA,NA,NA,NA,NA,NA,NA,NA,NA,NA,NA,NA,NA,NA,NA,NA,NA,NA,NA,NA,NA,NA,NA,NA,61276416,NA,NA,NA,2019-07-03T23:48:33,NA,NA,,47911,NA,NA,NA,NA,NA,NA,NA,Asclepias syriaca L.,NA,NA,NA,NA,NA,NA,NA,Plantae,Tracheophyta,Magnoliopsida,Gentianales,Apocynaceae,Asclepias,NA,syriaca,NA,SPECIES,NA,NA,NA,ACCEPTED,NA,NA,50c9509d-22c7-4a22-a47d-8c48425ef4a7,US,2020-04-29T02:37:20.471Z,NA,NA,NA,NA,NA,NA,COORDINATE_ROUNDED;GEODETIC_DATUM_ASSUMED_WGS84,StillImage,TRUE,FALSE,3170247,3170247,6,7707728,220,412,6701,3170229,NA,3170247,Asclepias syriaca,Asclepias,Asclepias syriaca L.,Asclepias syriaca,NA,DWC_ARCHIVE,2020-04-29T02:37:20.471Z,2020-04-29T01:20:22.928Z,FALSE,NA,,,8896
2283118389,NA,NA,NA,NA,NA,NA,NA,NA,NA,NA,NA,NA,NA,NA,NA,NA,NA,NA,NA,NA,NA,NA,NA,NA,NA,28052307,NA,NA,NA,NA,NA,NA,NA,NA,NA,CC_BY_NC_4_0,NA,NA,2019-07-03T21:25:06Z,NA,NA,https://www.inaturalist.org/observations/28052307,NA,NA,NA,© llhruska some rights reserved,llhruska,NA,NA,NA,NA,NA,NA,NA,NA,NA,NA,NA,iNaturalist,Observations,iNaturalist research-grade observations,NA,HUMAN_OBSERVATION,,NA,NA,https://www.inaturalist.org/observations/28052307,28052307,NA,llhruska,NA,NA,NA,NA,NA,NA,NA,NA,NA,NA,NA,NA,NA,NA,NA,,NA,NA,NA,NA,NA,NA,NA,NA,NA,NA,NA,2019-07-02T07:27:48,12:27:48Z,NA,NA,2019,7,2,Tue Jul 02 2019 07:27:48 GMT-0500 (CDT),NA,NA,NA,NA,NA,NA,NA,NA,NA,NA,NA,NA,NA,NA,US,Minnesota,NA,NA,NA,"Reynolds Park, Bloomington, MN, US",NA,NA,NA,NA,NA,NA,5,NA,NA,NA,NA,NA,NA,NA,NA,NA,NA,NA,NA,NA,NA,NA,NA,NA,NA,NA,NA,NA,NA,NA,NA,NA,NA,NA,NA,NA,NA,NA,61081361,NA,NA,NA,2019-07-02T12:28:04,NA,NA,,47911,NA,NA,NA,NA,NA,NA,NA,Asclepias syriaca L.,NA,NA,NA,NA,NA,NA,NA,Plantae,Tracheophyta,Magnoliopsida,Gentianales,Apocynaceae,Asclepias,NA,syriaca,NA,SPECIES,NA,NA,NA,ACCEPTED,NA,NA,50c9509d-22c7-4a22-a47d-8c48425ef4a7,US,2020-04-29T02:37:16.382Z,NA,NA,NA,NA,NA,NA,COORDINATE_ROUNDED;GEODETIC_DATUM_ASSUMED_WGS84,StillImage,TRUE,FALSE,3170247,3170247,6,7707728,220,412,6701,3170229,NA,3170247,Asclepias syriaca,Asclepias,Asclepias syriaca L.,Asclepias syriaca,NA,DWC_ARCHIVE,2020-04-29T02:37:16.382Z,2020-04-29T01:20:22.928Z,FALSE,NA,,,8896
2283093550,NA,NA,NA,NA,NA,NA,NA,NA,NA,NA,NA,NA,NA,NA,NA,NA,NA,NA,NA,NA,NA,NA,NA,NA,NA,27964842,NA,NA,NA,NA,NA,NA,NA,NA,NA,CC_BY_NC_4_0,NA,NA,2019-07-01T11:57:45Z,NA,NA,https://www.inaturalist.org/observations/27964842,NA,NA,NA,© sladansk some rights reserved,sladansk,NA,NA,NA,NA,NA,NA,NA,NA,NA,NA,NA,iNaturalist,Observations,iNaturalist research-grade observations,NA,HUMAN_OBSERVATION,,NA,NA,https://www.inaturalist.org/observations/27964842,27964842,NA,sladansk,NA,NA,NA,NA,NA,NA,NA,NA,NA,NA,NA,NA,NA,NA,NA,,NA,NA,NA,NA,NA,NA,NA,NA,NA,NA,NA,2019-06-30T18:19:36,18:19:36Z,NA,NA,2019,6,30,Sun Jun 30 2019 18:19:36 GMT-0500 (CDT),NA,NA,NA,NA,NA,NA,NA,NA,NA,NA,NA,NA,NA,NA,US,Minnesota,NA,NA,NA,"3100 Park Ave S, Minneapolis, MN, US",NA,NA,NA,NA,NA,NA,16,NA,NA,NA,NA,NA,NA,NA,NA,NA,NA,NA,NA,NA,NA,NA,NA,NA,NA,NA,NA,NA,NA,NA,NA,NA,NA,NA,NA,NA,NA,NA,60952007,NA,NA,NA,2019-07-01T11:57:45,NA,NA,,47911,NA,NA,NA,NA,NA,NA,NA,Asclepias syriaca L.,NA,NA,NA,NA,NA,NA,NA,Plantae,Tracheophyta,Magnoliopsida,Gentianales,Apocynaceae,Asclepias,NA,syriaca,NA,SPECIES,NA,NA,NA,ACCEPTED,NA,NA,50c9509d-22c7-4a22-a47d-8c48425ef4a7,US,2020-04-29T02:38:22.680Z,NA,NA,NA,NA,NA,NA,COORDINATE_ROUNDED;GEODETIC_DATUM_ASSUMED_WGS84,StillImage,TRUE,FALSE,3170247,3170247,6,7707728,220,412,6701,3170229,NA,3170247,Asclepias syriaca,Asclepias,Asclepias syriaca L.,Asclepias syriaca,NA,DWC_ARCHIVE,2020-04-29T02:38:22.680Z,2020-04-29T01:20:22.928Z,FALSE,NA,,,8896
2273327708,NA,NA,NA,NA,NA,NA,NA,NA,NA,NA,NA,NA,NA,NA,NA,NA,NA,NA,NA,NA,NA,NA,NA,NA,NA,27785111,NA,NA,NA,NA,NA,NA,NA,NA,NA,CC_BY_NC_4_0,NA,NA,2019-06-28T18:28:23Z,NA,NA,https://www.inaturalist.org/observations/27785111,NA,NA,NA,© jldm some rights reserved,jldm,NA,NA,NA,NA,NA,NA,NA,NA,NA,NA,NA,iNaturalist,Observations,iNaturalist research-grade observations,NA,HUMAN_OBSERVATION,,NA,NA,https://www.inaturalist.org/observations/27785111,27785111,NA,jldm,NA,NA,NA,NA,NA,NA,NA,NA,NA,NA,NA,NA,NA,NA,NA,,NA,NA,NA,NA,NA,NA,NA,NA,NA,NA,NA,2019-06-24T13:39:48,13:39:48Z,NA,NA,2019,6,24,2019-06-24 1:39:48 PM CDT,NA,NA,NA,NA,NA,NA,NA,NA,NA,NA,NA,NA,NA,NA,US,Minnesota,NA,NA,NA,"Howe, Minneapolis, MN 55406, USA",NA,NA,NA,NA,NA,NA,33,NA,NA,NA,NA,NA,NA,NA,NA,NA,NA,NA,NA,NA,NA,NA,NA,NA,NA,NA,NA,NA,NA,NA,NA,NA,NA,NA,NA,NA,NA,NA,60539380,NA,NA,NA,2019-06-28T00:15:59,NA,NA,,47911,NA,NA,NA,NA,NA,NA,NA,Asclepias syriaca L.,NA,NA,NA,NA,NA,NA,NA,Plantae,Tracheophyta,Magnoliopsida,Gentianales,Apocynaceae,Asclepias,NA,syriaca,NA,SPECIES,NA,NA,NA,ACCEPTED,NA,NA,50c9509d-22c7-4a22-a47d-8c48425ef4a7,US,2020-04-29T02:38:05.553Z,NA,NA,NA,NA,NA,NA,COORDINATE_ROUNDED;GEODETIC_DATUM_ASSUMED_WGS84,StillImage,TRUE,FALSE,3170247,3170247,6,7707728,220,412,6701,3170229,NA,3170247,Asclepias syriaca,Asclepias,Asclepias syriaca L.,Asclepias syriaca,NA,DWC_ARCHIVE,2020-04-29T02:38:05.553Z,2020-04-29T01:20:22.928Z,FALSE,NA,,,8896
2273295333,NA,NA,NA,NA,NA,NA,NA,NA,NA,NA,NA,NA,NA,NA,NA,NA,NA,NA,NA,NA,NA,NA,NA,NA,NA,27644666,NA,NA,NA,NA,NA,NA,NA,NA,NA,CC_BY_NC_4_0,NA,NA,2019-06-26T16:49:32Z,NA,NA,https://www.inaturalist.org/observations/27644666,NA,NA,NA,© Eoghan O'Neill some rights reserved,Eoghan O'Neill,NA,NA,NA,NA,NA,NA,NA,NA,NA,NA,NA,iNaturalist,Observations,iNaturalist research-grade observations,NA,HUMAN_OBSERVATION,,NA,NA,https://www.inaturalist.org/observations/27644666,27644666,NA,Eoghan O'Neill,NA,NA,NA,NA,NA,NA,NA,NA,NA,NA,NA,NA,NA,NA,NA,,NA,NA,NA,NA,NA,NA,NA,NA,NA,NA,NA,2019-06-25T13:11:36,13:11:36Z,NA,NA,2019,6,25,Tue Jun 25 2019 13:11:36 GMT-0500 (CDT),NA,NA,NA,NA,NA,NA,NA,NA,NA,NA,NA,NA,NA,NA,US,Minnesota,NA,NA,NA,"1918 Cedar Lake Pkwy, Minneapolis, MN, US",NA,NA,NA,NA,NA,NA,5,NA,NA,NA,NA,NA,NA,NA,NA,NA,NA,NA,NA,NA,NA,NA,NA,NA,NA,NA,NA,NA,NA,NA,NA,NA,NA,NA,NA,NA,NA,NA,60239679,NA,NA,NA,2019-06-25T18:11:47,NA,NA,,47911,NA,NA,NA,NA,NA,NA,NA,Asclepias syriaca L.,NA,NA,NA,NA,NA,NA,NA,Plantae,Tracheophyta,Magnoliopsida,Gentianales,Apocynaceae,Asclepias,NA,syriaca,NA,SPECIES,NA,NA,NA,ACCEPTED,NA,NA,50c9509d-22c7-4a22-a47d-8c48425ef4a7,US,2020-04-29T02:38:30.812Z,NA,NA,NA,NA,NA,NA,COORDINATE_ROUNDED;GEODETIC_DATUM_ASSUMED_WGS84,StillImage,TRUE,FALSE,3170247,3170247,6,7707728,220,412,6701,3170229,NA,3170247,Asclepias syriaca,Asclepias,Asclepias syriaca L.,Asclepias syriaca,NA,DWC_ARCHIVE,2020-04-29T02:38:30.812Z,2020-04-29T01:20:22.928Z,FALSE,NA,,,8896
2273220277,NA,NA,NA,NA,NA,NA,NA,NA,NA,NA,NA,NA,NA,NA,NA,NA,NA,NA,NA,NA,NA,NA,NA,NA,NA,27327575,NA,NA,NA,NA,NA,NA,NA,NA,NA,CC_BY_NC_4_0,NA,NA,2019-06-26T05:00:59Z,NA,NA,https://www.inaturalist.org/observations/27327575,NA,NA,NA,© Dana Boyle some rights reserved,Dana Boyle,NA,NA,NA,NA,NA,NA,NA,NA,NA,NA,NA,iNaturalist,Observations,iNaturalist research-grade observations,NA,HUMAN_OBSERVATION,,NA,NA,https://www.inaturalist.org/observations/27327575,27327575,NA,Dana Boyle,NA,NA,NA,NA,NA,NA,NA,NA,NA,NA,NA,NA,NA,NA,NA,,NA,NA,NA,NA,NA,NA,NA,NA,NA,NA,NA,2019-06-20T10:36:07,15:36:07Z,NA,NA,2019,6,20,Thu Jun 20 2019 10:36:07 GMT-0500 (CDT),NA,NA,NA,NA,NA,NA,NA,NA,NA,NA,NA,NA,NA,NA,US,Minnesota,NA,NA,NA,"1863 Ivan Way, Saint Paul, MN, US",NA,NA,NA,NA,NA,NA,38,NA,NA,NA,NA,NA,NA,NA,NA,NA,NA,NA,NA,NA,NA,NA,NA,NA,NA,NA,NA,NA,NA,NA,NA,NA,NA,NA,NA,NA,NA,NA,59593965,NA,NA,NA,2019-06-20T15:36:14,NA,NA,,47911,NA,NA,NA,NA,NA,NA,NA,Asclepias syriaca L.,NA,NA,NA,NA,NA,NA,NA,Plantae,Tracheophyta,Magnoliopsida,Gentianales,Apocynaceae,Asclepias,NA,syriaca,NA,SPECIES,NA,NA,NA,ACCEPTED,NA,NA,50c9509d-22c7-4a22-a47d-8c48425ef4a7,US,2020-04-29T02:38:29.993Z,NA,NA,NA,NA,NA,NA,COORDINATE_ROUNDED;GEODETIC_DATUM_ASSUMED_WGS84,StillImage,TRUE,FALSE,3170247,3170247,6,7707728,220,412,6701,3170229,NA,3170247,Asclepias syriaca,Asclepias,Asclepias syriaca L.,Asclepias syriaca,NA,DWC_ARCHIVE,2020-04-29T02:38:29.993Z,2020-04-29T01:20:22.928Z,FALSE,NA,,,8896
2269230427,NA,NA,NA,NA,NA,NA,NA,NA,NA,NA,NA,NA,NA,NA,NA,NA,NA,NA,NA,NA,NA,NA,NA,NA,NA,26948661,NA,NA,NA,NA,NA,NA,NA,NA,NA,CC_BY_NC_4_0,NA,NA,2019-06-18T04:49:57Z,NA,NA,https://www.inaturalist.org/observations/26948661,NA,NA,NA,© melissa_culshaw some rights reserved,melissa_culshaw,NA,NA,NA,NA,NA,NA,NA,NA,NA,NA,NA,iNaturalist,Observations,iNaturalist research-grade observations,NA,HUMAN_OBSERVATION,,NA,NA,https://www.inaturalist.org/observations/26948661,26948661,NA,melissa_culshaw,NA,NA,NA,NA,NA,NA,NA,NA,NA,NA,NA,NA,NA,NA,NA,,NA,NA,NA,NA,NA,NA,NA,NA,NA,NA,NA,2019-06-13T21:25:12,21:25:12Z,NA,NA,2019,6,13,Thu Jun 13 2019 21:25:12 GMT-0500 (CDT),NA,NA,NA,NA,NA,NA,NA,NA,NA,NA,NA,NA,NA,NA,US,Minnesota,NA,NA,NA,"1383 Midway Pkwy, Saint Paul, MN, US",NA,NA,NA,NA,NA,NA,10,NA,NA,NA,NA,NA,NA,NA,NA,NA,NA,NA,NA,NA,NA,NA,NA,NA,NA,NA,NA,NA,NA,NA,NA,NA,NA,NA,NA,NA,NA,NA,58807968,NA,NA,NA,2019-06-14T02:25:39,NA,NA,,47911,NA,NA,NA,NA,NA,NA,NA,Asclepias syriaca L.,NA,NA,NA,NA,NA,NA,NA,Plantae,Tracheophyta,Magnoliopsida,Gentianales,Apocynaceae,Asclepias,NA,syriaca,NA,SPECIES,NA,NA,NA,ACCEPTED,NA,NA,50c9509d-22c7-4a22-a47d-8c48425ef4a7,US,2020-04-29T02:38:03.114Z,NA,NA,NA,NA,NA,NA,COORDINATE_ROUNDED;GEODETIC_DATUM_ASSUMED_WGS84,StillImage,TRUE,FALSE,3170247,3170247,6,7707728,220,412,6701,3170229,NA,3170247,Asclepias syriaca,Asclepias,Asclepias syriaca L.,Asclepias syriaca,NA,DWC_ARCHIVE,2020-04-29T02:38:03.114Z,2020-04-29T01:20:22.928Z,FALSE,NA,,,8896
2265880025,NA,NA,NA,NA,NA,NA,NA,NA,NA,NA,NA,NA,NA,NA,NA,NA,NA,NA,NA,NA,NA,NA,NA,NA,NA,26835889,NA,NA,NA,NA,NA,NA,NA,NA,NA,CC_BY_NC_4_0,NA,NA,2019-06-12T00:04:56Z,NA,NA,https://www.inaturalist.org/observations/26835889,NA,NA,NA,© jaege202 some rights reserved,jaege202,NA,NA,NA,NA,NA,NA,NA,NA,NA,NA,NA,iNaturalist,Observations,iNaturalist research-grade observations,NA,HUMAN_OBSERVATION,,NA,NA,https://www.inaturalist.org/observations/26835889,26835889,NA,jaege202,NA,NA,NA,NA,NA,NA,NA,NA,NA,NA,NA,NA,NA,NA,NA,,NA,NA,NA,NA,NA,NA,NA,NA,NA,NA,NA,2019-06-11T18:59:57,23:59:57Z,NA,NA,2019,6,11,Tue Jun 11 2019 18:59:57 GMT-0500 (CDT),NA,NA,NA,NA,NA,NA,NA,NA,NA,NA,NA,NA,NA,NA,US,Minnesota,NA,NA,NA,"Fort Snelling State Park, Minneapolis, MN, US",NA,NA,NA,NA,NA,NA,24,NA,NA,NA,NA,NA,NA,NA,NA,NA,NA,NA,NA,NA,NA,NA,NA,NA,NA,NA,NA,NA,NA,NA,NA,NA,NA,NA,NA,NA,NA,NA,58567212,NA,NA,NA,2019-06-12T00:00:22,NA,NA,,47911,NA,NA,NA,NA,NA,NA,NA,Asclepias syriaca L.,NA,NA,NA,NA,NA,NA,NA,Plantae,Tracheophyta,Magnoliopsida,Gentianales,Apocynaceae,Asclepias,NA,syriaca,NA,SPECIES,NA,NA,NA,ACCEPTED,NA,NA,50c9509d-22c7-4a22-a47d-8c48425ef4a7,US,2020-04-29T02:37:13.632Z,NA,NA,NA,NA,NA,NA,COORDINATE_ROUNDED;GEODETIC_DATUM_ASSUMED_WGS84,StillImage,TRUE,FALSE,3170247,3170247,6,7707728,220,412,6701,3170229,NA,3170247,Asclepias syriaca,Asclepias,Asclepias syriaca L.,Asclepias syriaca,NA,DWC_ARCHIVE,2020-04-29T02:37:13.632Z,2020-04-29T01:20:22.928Z,FALSE,NA,,,8896
2251876362,NA,NA,NA,NA,NA,NA,NA,NA,NA,NA,NA,NA,NA,NA,NA,NA,NA,NA,NA,NA,NA,NA,NA,NA,NA,25715391,NA,NA,NA,NA,NA,NA,NA,NA,NA,CC_BY_NC_4_0,NA,NA,2019-05-25T06:20:22Z,NA,NA,https://www.inaturalist.org/observations/25715391,NA,NA,NA,© lukenslaurac some rights reserved,lukenslaurac,NA,NA,NA,NA,NA,NA,NA,NA,NA,NA,NA,iNaturalist,Observations,iNaturalist research-grade observations,NA,HUMAN_OBSERVATION,,NA,NA,https://www.inaturalist.org/observations/25715391,25715391,NA,lukenslaurac,NA,NA,NA,NA,NA,NA,NA,NA,NA,NA,NA,NA,NA,NA,NA,,NA,NA,NA,NA,NA,NA,NA,NA,NA,NA,NA,2019-05-17T09:30:32,09:30:32Z,NA,NA,2019,5,17,Fri May 17 2019 09:30:32 GMT-0500 (CDT),NA,NA,NA,NA,NA,NA,NA,NA,NA,NA,NA,NA,NA,NA,US,Minnesota,NA,NA,NA,"University of Minnesota - St. Paul Campus, Falcon Heights, MN, US",NA,NA,NA,NA,NA,NA,1181,NA,NA,NA,NA,NA,NA,NA,NA,NA,NA,NA,NA,NA,NA,NA,NA,NA,NA,NA,NA,NA,NA,NA,NA,NA,NA,NA,NA,NA,NA,NA,56322753,NA,NA,NA,2019-05-25T04:46:18,NA,NA,,47911,NA,NA,NA,NA,NA,NA,NA,Asclepias syriaca L.,NA,NA,NA,NA,NA,NA,NA,Plantae,Tracheophyta,Magnoliopsida,Gentianales,Apocynaceae,Asclepias,NA,syriaca,NA,SPECIES,NA,NA,NA,ACCEPTED,NA,NA,50c9509d-22c7-4a22-a47d-8c48425ef4a7,US,2020-04-29T02:37:56.010Z,NA,NA,NA,NA,NA,NA,COORDINATE_ROUNDED;GEODETIC_DATUM_ASSUMED_WGS84,StillImage,TRUE,FALSE,3170247,3170247,6,7707728,220,412,6701,3170229,NA,3170247,Asclepias syriaca,Asclepias,Asclepias syriaca L.,Asclepias syriaca,NA,DWC_ARCHIVE,2020-04-29T02:37:56.010Z,2020-04-29T01:20:22.928Z,FALSE,NA,,,8896
2251850671,NA,NA,NA,NA,NA,NA,NA,NA,NA,NA,NA,NA,NA,NA,NA,NA,NA,NA,NA,NA,NA,NA,NA,NA,NA,25336821,NA,NA,NA,NA,NA,NA,NA,NA,NA,CC_BY_NC_4_0,NA,NA,2019-05-25T06:47:13Z,NA,NA,https://www.inaturalist.org/observations/25336821,NA,NA,NA,© ellebeagee some rights reserved,ellebeagee,NA,NA,NA,NA,NA,NA,NA,NA,NA,NA,NA,iNaturalist,Observations,iNaturalist research-grade observations,NA,HUMAN_OBSERVATION,,NA,NA,https://www.inaturalist.org/observations/25336821,25336821,NA,ellebeagee,NA,NA,NA,NA,NA,NA,NA,NA,NA,NA,NA,NA,NA,NA,NA,,NA,NA,NA,NA,NA,NA,NA,NA,NA,NA,NA,2019-05-18T14:50:18,14:50:18Z,NA,NA,2019,5,18,Sat May 18 2019 14:50:18 GMT-0500 (CDT),NA,NA,NA,NA,NA,NA,NA,NA,NA,NA,NA,NA,NA,NA,US,Minnesota,NA,NA,NA,"Betty Crocker Dr, Golden Valley, MN, US",NA,NA,NA,NA,NA,NA,10,NA,NA,NA,NA,NA,NA,NA,NA,NA,NA,NA,NA,NA,NA,NA,NA,NA,NA,NA,NA,NA,NA,NA,NA,NA,NA,NA,NA,NA,NA,NA,55513064,NA,NA,NA,2019-05-18T19:50:27,NA,NA,,47911,NA,NA,NA,NA,NA,NA,NA,Asclepias syriaca L.,NA,NA,NA,NA,NA,NA,NA,Plantae,Tracheophyta,Magnoliopsida,Gentianales,Apocynaceae,Asclepias,NA,syriaca,NA,SPECIES,NA,NA,NA,ACCEPTED,NA,NA,50c9509d-22c7-4a22-a47d-8c48425ef4a7,US,2020-04-29T02:37:11.637Z,NA,NA,NA,NA,NA,NA,COORDINATE_ROUNDED;GEODETIC_DATUM_ASSUMED_WGS84,StillImage,TRUE,FALSE,3170247,3170247,6,7707728,220,412,6701,3170229,NA,3170247,Asclepias syriaca,Asclepias,Asclepias syriaca L.,Asclepias syriaca,NA,DWC_ARCHIVE,2020-04-29T02:37:11.637Z,2020-04-29T01:20:22.928Z,FALSE,NA,,,8896
2238930395,NA,NA,NA,NA,NA,NA,NA,NA,NA,NA,NA,NA,NA,NA,NA,NA,NA,NA,NA,NA,NA,NA,NA,NA,NA,23806919,NA,NA,NA,NA,NA,NA,NA,NA,NA,CC_BY_NC_4_0,NA,NA,2019-07-20T13:23:26Z,NA,NA,https://www.inaturalist.org/observations/23806919,NA,NA,NA,© Laura Carpenter some rights reserved,Laura Carpenter,NA,NA,NA,NA,NA,NA,NA,NA,NA,NA,NA,iNaturalist,Observations,iNaturalist research-grade observations,NA,HUMAN_OBSERVATION,,NA,NA,https://www.inaturalist.org/observations/23806919,23806919,NA,Laura Carpenter,NA,NA,NA,NA,NA,NA,NA,NA,NA,NA,NA,NA,NA,NA,NA,,NA,NA,NA,NA,NA,NA,NA,NA,NA,NA,NA,2019-04-28T17:04:56,21:04:56Z,NA,NA,2019,4,28,Sun Apr 28 2019 17:04:56 GMT-0500 (CDT),NA,NA,NA,NA,NA,NA,NA,NA,NA,NA,NA,NA,NA,NA,US,Minnesota,NA,NA,NA,"Hennepin County, Minnesota Valley National Wildlife Refuge, US-MN, US",NA,NA,NA,NA,NA,NA,5,NA,NA,NA,NA,NA,NA,NA,NA,NA,NA,NA,NA,NA,NA,NA,NA,NA,NA,NA,NA,NA,NA,NA,NA,NA,NA,NA,NA,NA,NA,NA,63364068,NA,NA,NA,2019-07-20T13:23:26,NA,NA,,47911,NA,NA,NA,NA,NA,NA,NA,Asclepias syriaca L.,NA,NA,NA,NA,NA,NA,NA,Plantae,Tracheophyta,Magnoliopsida,Gentianales,Apocynaceae,Asclepias,NA,syriaca,NA,SPECIES,NA,NA,NA,ACCEPTED,NA,NA,50c9509d-22c7-4a22-a47d-8c48425ef4a7,US,2020-04-29T02:38:00.662Z,NA,NA,NA,NA,NA,NA,COORDINATE_ROUNDED;GEODETIC_DATUM_ASSUMED_WGS84,StillImage,TRUE,FALSE,3170247,3170247,6,7707728,220,412,6701,3170229,NA,3170247,Asclepias syriaca,Asclepias,Asclepias syriaca L.,Asclepias syriaca,NA,DWC_ARCHIVE,2020-04-29T02:38:00.662Z,2020-04-29T01:20:22.928Z,FALSE,NA,,,8896
2238872392,NA,NA,NA,NA,NA,NA,NA,NA,NA,NA,NA,NA,NA,NA,NA,NA,NA,NA,NA,NA,NA,NA,NA,NA,NA,23491024,NA,NA,NA,NA,NA,NA,NA,NA,NA,CC_BY_NC_4_0,NA,NA,2019-05-18T05:31:29Z,NA,NA,https://www.inaturalist.org/observations/23491024,NA,NA,NA,© A R Favorito some rights reserved,A R Favorito,NA,NA,NA,NA,NA,NA,NA,NA,NA,NA,NA,iNaturalist,Observations,iNaturalist research-grade observations,NA,HUMAN_OBSERVATION,,NA,NA,https://www.inaturalist.org/observations/23491024,23491024,NA,A R Favorito,NA,NA,NA,NA,NA,NA,NA,NA,NA,NA,NA,NA,NA,NA,NA,,NA,NA,NA,NA,NA,NA,NA,NA,NA,NA,NA,2019-04-27T12:50:38,22:50:38Z,NA,NA,2019,4,27,2019-04-27 12:50:38 PM CDT,NA,NA,NA,NA,NA,NA,NA,NA,NA,NA,NA,NA,NA,NA,US,Minnesota,NA,NA,NA,"3815 American Blvd E, Bloomington, MN 55425, USA",NA,NA,NA,NA,NA,NA,NA,NA,NA,NA,NA,NA,NA,NA,NA,NA,NA,NA,NA,NA,NA,NA,NA,NA,NA,NA,NA,NA,NA,NA,NA,NA,NA,NA,NA,NA,NA,NA,51875021,NA,NA,NA,2019-04-27T22:21:32,NA,NA,,47911,NA,NA,NA,NA,NA,NA,NA,Asclepias syriaca L.,NA,NA,NA,NA,NA,NA,NA,Plantae,Tracheophyta,Magnoliopsida,Gentianales,Apocynaceae,Asclepias,NA,syriaca,NA,SPECIES,NA,NA,NA,ACCEPTED,NA,NA,50c9509d-22c7-4a22-a47d-8c48425ef4a7,US,2020-04-29T02:37:52.235Z,NA,NA,NA,NA,NA,NA,COORDINATE_ROUNDED;GEODETIC_DATUM_ASSUMED_WGS84,StillImage,TRUE,FALSE,3170247,3170247,6,7707728,220,412,6701,3170229,NA,3170247,Asclepias syriaca,Asclepias,Asclepias syriaca L.,Asclepias syriaca,NA,DWC_ARCHIVE,2020-04-29T02:37:52.235Z,2020-04-29T01:20:22.928Z,FALSE,NA,,,8896
2238853615,NA,NA,NA,NA,NA,NA,NA,NA,NA,NA,NA,NA,NA,NA,NA,NA,NA,NA,NA,NA,NA,NA,NA,NA,NA,23397091,NA,NA,NA,NA,NA,NA,NA,NA,NA,CC_BY_NC_4_0,NA,NA,2019-07-14T23:54:12Z,NA,NA,https://www.inaturalist.org/observations/23397091,NA,NA,NA,© mahpin some rights reserved,mahpin,NA,NA,NA,NA,NA,NA,NA,NA,NA,NA,NA,iNaturalist,Observations,iNaturalist research-grade observations,NA,HUMAN_OBSERVATION,,NA,NA,https://www.inaturalist.org/observations/23397091,23397091,NA,mahpin,NA,NA,NA,NA,NA,NA,NA,NA,NA,NA,NA,NA,NA,NA,NA,,NA,NA,NA,NA,NA,NA,NA,NA,NA,NA,NA,2019-04-26T11:55:00,16:55:00Z,NA,NA,2019,4,26,2019/04/26 11:55 AM CDT,NA,NA,NA,NA,NA,NA,NA,NA,NA,NA,NA,NA,NA,NA,US,Minnesota,NA,NA,NA,"Coldwater Spring, Mississippi National River and Recreation Area, Hennepin County, MN, USA",NA,NA,NA,NA,NA,NA,183,NA,NA,NA,NA,NA,NA,NA,NA,NA,NA,NA,NA,NA,NA,NA,NA,NA,NA,NA,NA,NA,NA,NA,NA,NA,NA,NA,NA,NA,NA,NA,51766302,NA,NA,NA,2019-04-27T16:14:34,NA,NA,,47911,NA,NA,NA,NA,NA,NA,NA,Asclepias syriaca L.,NA,NA,NA,NA,NA,NA,NA,Plantae,Tracheophyta,Magnoliopsida,Gentianales,Apocynaceae,Asclepias,NA,syriaca,NA,SPECIES,NA,NA,NA,ACCEPTED,NA,NA,50c9509d-22c7-4a22-a47d-8c48425ef4a7,US,2020-04-29T02:37:19.273Z,NA,NA,NA,NA,NA,NA,COORDINATE_ROUNDED;GEODETIC_DATUM_ASSUMED_WGS84,StillImage,TRUE,FALSE,3170247,3170247,6,7707728,220,412,6701,3170229,NA,3170247,Asclepias syriaca,Asclepias,Asclepias syriaca L.,Asclepias syriaca,NA,DWC_ARCHIVE,2020-04-29T02:37:19.273Z,2020-04-29T01:20:22.928Z,FALSE,NA,,,8896
2445021540,NA,NA,NA,NA,NA,NA,NA,NA,NA,NA,NA,NA,NA,NA,NA,NA,NA,NA,NA,NA,NA,NA,NA,NA,NA,34377087,NA,NA,NA,NA,NA,NA,NA,NA,NA,CC_BY_NC_4_0,NA,NA,2019-10-22T02:01:08Z,NA,NA,https://www.inaturalist.org/observations/34377087,NA,NA,NA,© abirks some rights reserved,abirks,NA,NA,NA,NA,NA,NA,NA,NA,NA,NA,NA,iNaturalist,Observations,iNaturalist research-grade observations,NA,HUMAN_OBSERVATION,,NA,NA,https://www.inaturalist.org/observations/34377087,34377087,NA,abirks,NA,NA,NA,NA,NA,NA,NA,NA,NA,NA,NA,NA,NA,NA,NA,,NA,NA,NA,NA,NA,NA,NA,NA,NA,NA,NA,2019-10-14T16:19:55,20:19:55Z,NA,NA,2019,10,14,Mon Oct 14 2019 16:19:55 GMT-0400 (EDT),NA,NA,NA,NA,NA,NA,NA,NA,NA,NA,NA,NA,NA,NA,US,New York,NA,NA,NA,"Davies Pl, Poughkeepsie, NY, US",NA,NA,NA,NA,NA,NA,64,NA,NA,NA,NA,NA,NA,NA,NA,NA,NA,NA,NA,NA,NA,NA,NA,NA,NA,NA,NA,NA,NA,NA,NA,NA,NA,NA,NA,NA,NA,NA,74501602,NA,NA,NA,2019-10-14T20:20:13,NA,NA,,47911,NA,NA,NA,NA,NA,NA,NA,Asclepias syriaca L.,NA,NA,NA,NA,NA,NA,NA,Plantae,Tracheophyta,Magnoliopsida,Gentianales,Apocynaceae,Asclepias,NA,syriaca,NA,SPECIES,NA,NA,NA,ACCEPTED,NA,NA,50c9509d-22c7-4a22-a47d-8c48425ef4a7,US,2020-04-29T02:38:02.979Z,NA,NA,NA,NA,NA,NA,COORDINATE_ROUNDED;GEODETIC_DATUM_ASSUMED_WGS84,StillImage,TRUE,FALSE,3170247,3170247,6,7707728,220,412,6701,3170229,NA,3170247,Asclepias syriaca,Asclepias,Asclepias syriaca L.,Asclepias syriaca,NA,DWC_ARCHIVE,2020-04-29T02:38:02.979Z,2020-04-29T01:20:22.928Z,FALSE,NA,,,12533
2331858301,NA,NA,NA,NA,NA,NA,NA,NA,NA,NA,NA,NA,NA,NA,NA,NA,NA,NA,NA,NA,NA,NA,NA,NA,NA,30037856,NA,NA,NA,NA,NA,NA,NA,NA,NA,CC_BY_NC_4_0,NA,NA,2019-08-04T14:45:53Z,NA,NA,https://www.inaturalist.org/observations/30037856,NA,NA,NA,© wellskyw some rights reserved,wellskyw,NA,NA,NA,NA,NA,NA,NA,NA,NA,NA,NA,iNaturalist,Observations,iNaturalist research-grade observations,NA,HUMAN_OBSERVATION,,NA,NA,https://www.inaturalist.org/observations/30037856,30037856,NA,wellskyw,NA,NA,NA,NA,NA,NA,NA,NA,NA,NA,NA,NA,NA,NA,NA,,NA,NA,NA,NA,NA,NA,NA,NA,NA,NA,NA,2019-08-02T09:25:59,13:25:59Z,NA,NA,2019,8,2,Fri Aug 02 2019 09:25:59 GMT-0400 (EDT),NA,NA,NA,NA,NA,NA,NA,NA,NA,NA,NA,NA,NA,NA,US,New York,NA,NA,NA,"134 State Route 208, New Paltz, NY, US",NA,NA,NA,NA,NA,NA,11,NA,NA,NA,NA,NA,NA,NA,NA,NA,NA,NA,NA,NA,NA,NA,NA,NA,NA,NA,NA,NA,NA,NA,NA,NA,NA,NA,NA,NA,NA,NA,65173573,NA,NA,NA,2019-08-02T13:29:47,NA,NA,,47911,NA,NA,NA,NA,NA,NA,NA,Asclepias syriaca L.,NA,NA,NA,NA,NA,NA,NA,Plantae,Tracheophyta,Magnoliopsida,Gentianales,Apocynaceae,Asclepias,NA,syriaca,NA,SPECIES,NA,NA,NA,ACCEPTED,NA,NA,50c9509d-22c7-4a22-a47d-8c48425ef4a7,US,2020-04-29T02:38:24.249Z,NA,NA,NA,NA,NA,NA,COORDINATE_ROUNDED;GEODETIC_DATUM_ASSUMED_WGS84,StillImage,TRUE,FALSE,3170247,3170247,6,7707728,220,412,6701,3170229,NA,3170247,Asclepias syriaca,Asclepias,Asclepias syriaca L.,Asclepias syriaca,NA,DWC_ARCHIVE,2020-04-29T02:38:24.249Z,2020-04-29T01:20:22.928Z,FALSE,NA,,,12533
2283262367,NA,NA,NA,NA,NA,NA,NA,NA,NA,NA,NA,NA,NA,NA,NA,NA,NA,NA,NA,NA,NA,NA,NA,NA,NA,28573988,NA,NA,NA,NA,NA,NA,NA,NA,NA,CC_BY_NC_4_0,NA,NA,2019-09-23T17:20:58Z,NA,NA,https://www.inaturalist.org/observations/28573988,NA,NA,NA,© rmfi98 some rights reserved,rmfi98,NA,NA,NA,NA,NA,NA,NA,NA,NA,NA,NA,iNaturalist,Observations,iNaturalist research-grade observations,NA,HUMAN_OBSERVATION,,NA,NA,https://www.inaturalist.org/observations/28573988,28573988,NA,rmfi98,NA,NA,NA,NA,NA,NA,NA,NA,NA,NA,NA,NA,NA,NA,NA,,NA,NA,NA,NA,NA,NA,NA,NA,NA,NA,NA,2019-07-10T16:03:20,20:03:20Z,NA,NA,2019,7,10,2019-07-10 4:03:20 PM EDT,NA,NA,NA,NA,NA,NA,NA,NA,NA,NA,NA,NA,NA,NA,US,New York,NA,NA,NA,"High Falls, NY 12440, USA",NA,NA,NA,NA,NA,NA,7,NA,NA,NA,NA,NA,NA,NA,NA,NA,NA,NA,NA,NA,NA,NA,NA,NA,NA,NA,NA,NA,NA,NA,NA,NA,NA,NA,NA,NA,NA,NA,NA,NA,NA,NA,,NA,NA,,47911,NA,NA,NA,NA,NA,NA,NA,Asclepias syriaca L.,NA,NA,NA,NA,NA,NA,NA,Plantae,Tracheophyta,Magnoliopsida,Gentianales,Apocynaceae,Asclepias,NA,syriaca,NA,SPECIES,NA,NA,NA,ACCEPTED,NA,NA,50c9509d-22c7-4a22-a47d-8c48425ef4a7,US,2020-04-29T02:38:01.877Z,NA,NA,NA,NA,NA,NA,COORDINATE_ROUNDED;GEODETIC_DATUM_ASSUMED_WGS84,StillImage,TRUE,FALSE,3170247,3170247,6,7707728,220,412,6701,3170229,NA,3170247,Asclepias syriaca,Asclepias,Asclepias syriaca L.,Asclepias syriaca,NA,DWC_ARCHIVE,2020-04-29T02:38:01.877Z,2020-04-29T01:20:22.928Z,FALSE,NA,,,12533
2283261835,NA,NA,NA,NA,NA,NA,NA,NA,NA,NA,NA,NA,NA,NA,NA,NA,NA,NA,NA,NA,NA,NA,NA,NA,NA,28573584,NA,NA,NA,NA,NA,NA,NA,NA,NA,CC_BY_NC_4_0,NA,NA,2019-07-11T18:07:20Z,NA,NA,https://www.inaturalist.org/observations/28573584,NA,NA,NA,© psmac some rights reserved,psmac,NA,NA,NA,NA,NA,NA,NA,NA,NA,NA,NA,iNaturalist,Observations,iNaturalist research-grade observations,NA,HUMAN_OBSERVATION,,NA,NA,https://www.inaturalist.org/observations/28573584,28573584,NA,psmac,NA,NA,NA,NA,NA,NA,NA,NA,NA,NA,NA,NA,NA,NA,NA,,NA,NA,NA,NA,NA,NA,NA,NA,NA,NA,NA,2019-07-10T15:57:38,19:57:38Z,NA,NA,2019,7,10,Wed Jul 10 2019 15:57:38 GMT-0400 (EDT),NA,NA,NA,NA,NA,NA,NA,NA,NA,NA,NA,NA,NA,NA,US,New York,NA,NA,NA,"46–98 Upper 27 Knolls Rd, High Falls, NY, US",NA,NA,NA,NA,NA,NA,5,NA,NA,NA,NA,NA,NA,NA,NA,NA,NA,NA,NA,NA,NA,NA,NA,NA,NA,NA,NA,NA,NA,NA,NA,NA,NA,NA,NA,NA,NA,NA,62141454,NA,NA,NA,2019-07-10T19:57:59,NA,NA,,47911,NA,NA,NA,NA,NA,NA,NA,Asclepias syriaca L.,NA,NA,NA,NA,NA,NA,NA,Plantae,Tracheophyta,Magnoliopsida,Gentianales,Apocynaceae,Asclepias,NA,syriaca,NA,SPECIES,NA,NA,NA,ACCEPTED,NA,NA,50c9509d-22c7-4a22-a47d-8c48425ef4a7,US,2020-04-29T02:38:23.096Z,NA,NA,NA,NA,NA,NA,COORDINATE_ROUNDED;GEODETIC_DATUM_ASSUMED_WGS84,StillImage,TRUE,FALSE,3170247,3170247,6,7707728,220,412,6701,3170229,NA,3170247,Asclepias syriaca,Asclepias,Asclepias syriaca L.,Asclepias syriaca,NA,DWC_ARCHIVE,2020-04-29T02:38:23.096Z,2020-04-29T01:20:22.928Z,FALSE,NA,,,12533
2283234404,NA,NA,NA,NA,NA,NA,NA,NA,NA,NA,NA,NA,NA,NA,NA,NA,NA,NA,NA,NA,NA,NA,NA,NA,NA,28469446,NA,NA,NA,NA,NA,NA,NA,NA,NA,CC_BY_NC_4_0,NA,NA,2019-07-09T01:38:24Z,NA,NA,https://www.inaturalist.org/observations/28469446,NA,NA,NA,© psmac some rights reserved,psmac,NA,NA,NA,NA,NA,NA,NA,NA,NA,NA,NA,iNaturalist,Observations,iNaturalist research-grade observations,NA,HUMAN_OBSERVATION,,NA,NA,https://www.inaturalist.org/observations/28469446,28469446,NA,psmac,NA,NA,NA,NA,NA,NA,NA,NA,NA,NA,NA,NA,NA,NA,NA,,NA,NA,NA,NA,NA,NA,NA,NA,NA,NA,NA,2019-07-08T20:16:00,00:16:00Z,NA,NA,2019,7,8,Mon Jul 08 2019 20:16:00 GMT-0400 (EDT),NA,NA,NA,NA,NA,NA,NA,NA,NA,NA,NA,NA,NA,NA,US,New York,NA,NA,NA,"104 Lenape Ln, New Paltz, NY, US",NA,NA,NA,NA,NA,NA,5,NA,NA,NA,NA,NA,NA,NA,NA,NA,NA,NA,NA,NA,NA,NA,NA,NA,NA,NA,NA,NA,NA,NA,NA,NA,NA,NA,NA,NA,NA,NA,61918202,NA,NA,NA,2019-07-09T00:19:25,NA,NA,,47911,NA,NA,NA,NA,NA,NA,NA,Asclepias syriaca L.,NA,NA,NA,NA,NA,NA,NA,Plantae,Tracheophyta,Magnoliopsida,Gentianales,Apocynaceae,Asclepias,NA,syriaca,NA,SPECIES,NA,NA,NA,ACCEPTED,NA,NA,50c9509d-22c7-4a22-a47d-8c48425ef4a7,US,2020-04-29T02:37:13.338Z,NA,NA,NA,NA,NA,NA,COORDINATE_ROUNDED;GEODETIC_DATUM_ASSUMED_WGS84,StillImage,TRUE,FALSE,3170247,3170247,6,7707728,220,412,6701,3170229,NA,3170247,Asclepias syriaca,Asclepias,Asclepias syriaca L.,Asclepias syriaca,NA,DWC_ARCHIVE,2020-04-29T02:37:13.338Z,2020-04-29T01:20:22.928Z,FALSE,NA,,,12533
2283145031,NA,NA,NA,NA,NA,NA,NA,NA,NA,NA,NA,NA,NA,NA,NA,NA,NA,NA,NA,NA,NA,NA,NA,NA,NA,28144847,NA,NA,NA,NA,NA,NA,NA,NA,NA,CC_BY_NC_4_0,NA,NA,2019-07-04T01:53:59Z,NA,NA,https://www.inaturalist.org/observations/28144847,NA,NA,NA,© Nathaniel Sharp some rights reserved,Nathaniel Sharp,NA,NA,NA,NA,NA,NA,NA,NA,NA,NA,NA,iNaturalist,Observations,iNaturalist research-grade observations,NA,HUMAN_OBSERVATION,,NA,NA,https://www.inaturalist.org/observations/28144847,28144847,NA,Nathaniel Sharp,NA,NA,NA,NA,NA,NA,NA,NA,NA,NA,NA,NA,NA,NA,NA,,NA,NA,NA,NA,NA,NA,NA,NA,NA,NA,NA,2019-07-03T12:51:41,16:51:41Z,NA,NA,2019,7,3,2019-07-03 12:51:41 PM EDT,NA,NA,NA,NA,NA,NA,NA,NA,NA,NA,NA,NA,NA,NA,US,New York,NA,NA,NA,"New Paltz, NY, USA",NA,NA,NA,NA,NA,NA,9,NA,NA,NA,NA,NA,NA,NA,NA,NA,NA,NA,NA,NA,NA,NA,NA,NA,NA,NA,NA,NA,NA,NA,NA,NA,NA,NA,NA,NA,NA,NA,61273981,NA,NA,NA,2019-07-03T23:19:21,NA,NA,,47911,NA,NA,NA,NA,NA,NA,NA,Asclepias syriaca L.,NA,NA,NA,NA,NA,NA,NA,Plantae,Tracheophyta,Magnoliopsida,Gentianales,Apocynaceae,Asclepias,NA,syriaca,NA,SPECIES,NA,NA,NA,ACCEPTED,NA,NA,50c9509d-22c7-4a22-a47d-8c48425ef4a7,US,2020-04-29T02:37:22.427Z,NA,NA,NA,NA,NA,NA,COORDINATE_ROUNDED;GEODETIC_DATUM_ASSUMED_WGS84,StillImage,TRUE,FALSE,3170247,3170247,6,7707728,220,412,6701,3170229,NA,3170247,Asclepias syriaca,Asclepias,Asclepias syriaca L.,Asclepias syriaca,NA,DWC_ARCHIVE,2020-04-29T02:37:22.427Z,2020-04-29T01:20:22.928Z,FALSE,NA,,,12533
2283124582,NA,NA,NA,NA,NA,NA,NA,NA,NA,NA,NA,NA,NA,NA,NA,NA,NA,NA,NA,NA,NA,NA,NA,NA,NA,28073077,NA,NA,NA,NA,NA,NA,NA,NA,NA,CC0_1_0,NA,NA,2019-07-02T21:57:17Z,NA,NA,https://www.inaturalist.org/observations/28073077,NA,NA,NA,By Alexis Garretson no rights reserved,Alexis Garretson,NA,NA,NA,NA,NA,NA,NA,NA,NA,NA,NA,iNaturalist,Observations,iNaturalist research-grade observations,NA,HUMAN_OBSERVATION,,NA,NA,https://www.inaturalist.org/observations/28073077,28073077,NA,Alexis Garretson,NA,NA,NA,NA,NA,NA,NA,NA,NA,NA,NA,NA,NA,NA,NA,,NA,NA,NA,NA,NA,NA,NA,NA,NA,NA,NA,2019-07-02T13:46:22,17:46:22Z,NA,NA,2019,7,2,2019-07-02 1:46:22 PM EDT,NA,NA,NA,NA,NA,NA,NA,NA,NA,NA,NA,NA,NA,NA,US,New York,NA,NA,NA,"New Paltz, NY, USA",NA,NA,NA,NA,NA,NA,6,NA,NA,NA,NA,NA,NA,NA,NA,NA,NA,NA,NA,NA,NA,NA,NA,NA,NA,NA,NA,NA,NA,NA,NA,NA,NA,NA,NA,NA,NA,NA,61143499,NA,NA,NA,2019-07-02T21:57:13,NA,NA,,47911,NA,NA,NA,NA,NA,NA,NA,Asclepias syriaca L.,NA,NA,NA,NA,NA,NA,NA,Plantae,Tracheophyta,Magnoliopsida,Gentianales,Apocynaceae,Asclepias,NA,syriaca,NA,SPECIES,NA,NA,NA,ACCEPTED,NA,NA,50c9509d-22c7-4a22-a47d-8c48425ef4a7,US,2020-04-29T02:38:08.342Z,NA,NA,NA,NA,NA,NA,COORDINATE_ROUNDED;GEODETIC_DATUM_ASSUMED_WGS84,StillImage,TRUE,FALSE,3170247,3170247,6,7707728,220,412,6701,3170229,NA,3170247,Asclepias syriaca,Asclepias,Asclepias syriaca L.,Asclepias syriaca,NA,DWC_ARCHIVE,2020-04-29T02:38:08.342Z,2020-04-29T01:20:22.928Z,FALSE,NA,https://orcid.org/0000-0002-7260-0131,,12533
2269223818,NA,NA,NA,NA,NA,NA,NA,NA,NA,NA,NA,NA,NA,NA,NA,NA,NA,NA,NA,NA,NA,NA,NA,NA,NA,26689735,NA,NA,NA,NA,NA,NA,NA,NA,NA,CC_BY_NC_4_0,NA,NA,2019-06-15T12:45:37Z,NA,NA,https://www.inaturalist.org/observations/26689735,NA,NA,NA,© kaju-shin some rights reserved,kaju-shin,NA,NA,NA,NA,NA,NA,NA,NA,NA,NA,NA,iNaturalist,Observations,iNaturalist research-grade observations,NA,HUMAN_OBSERVATION,,NA,NA,https://www.inaturalist.org/observations/26689735,26689735,NA,kaju-shin,NA,NA,NA,NA,NA,NA,NA,NA,NA,NA,NA,NA,NA,NA,NA,,NA,NA,NA,NA,NA,NA,NA,NA,NA,NA,NA,2019-06-09T13:59:16,17:59:16Z,NA,NA,2019,6,9,Sun Jun 09 2019 13:59:16 GMT-0400 (EDT),NA,NA,NA,NA,NA,NA,NA,NA,NA,NA,NA,NA,NA,NA,US,New York,NA,NA,NA,"12561, New Paltz, NY, US",NA,NA,NA,NA,NA,NA,5,NA,NA,NA,NA,NA,NA,NA,NA,NA,NA,NA,NA,NA,NA,NA,NA,NA,NA,NA,NA,NA,NA,NA,NA,NA,NA,NA,NA,NA,NA,NA,58275894,NA,NA,NA,2019-06-09T18:00:51,NA,NA,,47911,NA,NA,NA,NA,NA,NA,NA,Asclepias syriaca L.,NA,NA,NA,NA,NA,NA,NA,Plantae,Tracheophyta,Magnoliopsida,Gentianales,Apocynaceae,Asclepias,NA,syriaca,NA,SPECIES,NA,NA,NA,ACCEPTED,NA,NA,50c9509d-22c7-4a22-a47d-8c48425ef4a7,US,2020-04-29T02:37:20.285Z,NA,NA,NA,NA,NA,NA,COORDINATE_ROUNDED;GEODETIC_DATUM_ASSUMED_WGS84,StillImage,TRUE,FALSE,3170247,3170247,6,7707728,220,412,6701,3170229,NA,3170247,Asclepias syriaca,Asclepias,Asclepias syriaca L.,Asclepias syriaca,NA,DWC_ARCHIVE,2020-04-29T02:37:20.285Z,2020-04-29T01:20:22.928Z,FALSE,NA,,,12533
2251867841,NA,NA,NA,NA,NA,NA,NA,NA,NA,NA,NA,NA,NA,NA,NA,NA,NA,NA,NA,NA,NA,NA,NA,NA,NA,25676353,NA,NA,NA,NA,NA,NA,NA,NA,NA,CC_BY_NC_4_0,NA,NA,2019-06-05T03:41:23Z,NA,NA,https://www.inaturalist.org/observations/25676353,NA,NA,NA,© mmnapoli some rights reserved,mmnapoli,NA,NA,NA,NA,NA,NA,NA,NA,NA,NA,NA,iNaturalist,Observations,iNaturalist research-grade observations,NA,HUMAN_OBSERVATION,,NA,NA,https://www.inaturalist.org/observations/25676353,25676353,NA,mmnapoli,NA,NA,NA,NA,NA,NA,NA,NA,NA,NA,NA,NA,NA,NA,NA,,NA,NA,NA,NA,NA,NA,NA,NA,NA,NA,NA,2019-05-24T11:13:45,15:13:45Z,NA,NA,2019,5,24,2019-05-24 11:13:45 AM EDT,NA,NA,NA,NA,NA,NA,NA,NA,NA,NA,NA,NA,NA,NA,US,New York,NA,NA,NA,"High Falls, NY 12440, USA",NA,NA,NA,NA,NA,NA,8,NA,NA,NA,NA,NA,NA,NA,NA,NA,NA,NA,NA,NA,NA,NA,NA,NA,NA,NA,NA,NA,NA,NA,NA,NA,NA,NA,NA,NA,NA,NA,56243784,NA,NA,NA,2019-05-24T15:14:57,NA,NA,,47911,NA,NA,NA,NA,NA,NA,NA,Asclepias syriaca L.,NA,NA,NA,NA,NA,NA,NA,Plantae,Tracheophyta,Magnoliopsida,Gentianales,Apocynaceae,Asclepias,NA,syriaca,NA,SPECIES,NA,NA,NA,ACCEPTED,NA,NA,50c9509d-22c7-4a22-a47d-8c48425ef4a7,US,2020-04-29T02:38:20.064Z,NA,NA,NA,NA,NA,NA,COORDINATE_ROUNDED;GEODETIC_DATUM_ASSUMED_WGS84,StillImage,TRUE,FALSE,3170247,3170247,6,7707728,220,412,6701,3170229,NA,3170247,Asclepias syriaca,Asclepias,Asclepias syriaca L.,Asclepias syriaca,NA,DWC_ARCHIVE,2020-04-29T02:38:20.064Z,2020-04-29T01:20:22.928Z,FALSE,NA,,,12533
2242806310,NA,NA,NA,NA,NA,NA,NA,NA,NA,NA,NA,NA,NA,NA,NA,NA,NA,NA,NA,NA,NA,NA,NA,NA,NA,24435676,NA,NA,NA,NA,NA,NA,NA,NA,NA,CC_BY_NC_4_0,NA,NA,2019-05-05T04:43:29Z,NA,NA,https://www.inaturalist.org/observations/24435676,NA,NA,NA,© Keri VanCamp some rights reserved,Keri VanCamp,NA,NA,NA,NA,NA,NA,NA,NA,NA,NA,NA,iNaturalist,Observations,iNaturalist research-grade observations,NA,HUMAN_OBSERVATION,,NA,NA,https://www.inaturalist.org/observations/24435676,24435676,NA,Keri VanCamp,NA,NA,NA,NA,NA,NA,NA,NA,NA,NA,NA,NA,NA,NA,NA,,NA,NA,NA,NA,NA,NA,NA,NA,NA,NA,NA,2019-05-03T08:45:16,12:45:16Z,NA,NA,2019,5,3,Fri May 03 2019 08:45:16 GMT-0400 (EDT),NA,NA,NA,NA,NA,NA,NA,NA,NA,NA,NA,NA,NA,NA,US,New York,NA,NA,NA,"Vassar College, Poughkeepsie, NY, US",NA,NA,NA,NA,NA,NA,30,NA,NA,NA,NA,NA,NA,NA,NA,NA,NA,NA,NA,NA,NA,NA,NA,NA,NA,NA,NA,NA,NA,NA,NA,NA,NA,NA,NA,NA,NA,NA,53434121,NA,NA,NA,2019-05-03T12:45:27,NA,NA,,47911,NA,NA,NA,NA,NA,NA,NA,Asclepias syriaca L.,NA,NA,NA,NA,NA,NA,NA,Plantae,Tracheophyta,Magnoliopsida,Gentianales,Apocynaceae,Asclepias,NA,syriaca,NA,SPECIES,NA,NA,NA,ACCEPTED,NA,NA,50c9509d-22c7-4a22-a47d-8c48425ef4a7,US,2020-04-29T02:37:24.254Z,NA,NA,NA,NA,NA,NA,COORDINATE_ROUNDED;GEODETIC_DATUM_ASSUMED_WGS84,StillImage,TRUE,FALSE,3170247,3170247,6,7707728,220,412,6701,3170229,NA,3170247,Asclepias syriaca,Asclepias,Asclepias syriaca L.,Asclepias syriaca,NA,DWC_ARCHIVE,2020-04-29T02:37:24.254Z,2020-04-29T01:20:22.928Z,FALSE,NA,,,12533
